﻿<?xml version="1.0" encoding="utf-8" standalone="yes"?>
<persistence><persistentitem id="08dff413-c662-47d9-8f0e-39d901b9cda9">
  <Variable name="Laminater_A_B" persistentState="Recipe" type="Matrox.DesignAssistant.Core.Flowcharts.Variable`1[[System.String, mscorlib, Version=4.0.0.0, Culture=neutral, PublicKeyToken=b77a5c561934e089]], Matrox.DesignAssistant.Core, Version=7.1.175.0, Culture=neutral, PublicKeyToken=726f03a4652993c7" linkedAssemblies="Matrox.DesignAssistant.Core, Version=7.1.175.0, Culture=neutral, PublicKeyToken=726f03a4652993c7" description="" typeName="String" id="08dff413-c662-47d9-8f0e-39d901b9cda9" modificationid="ca0a4570-dcff-435d-8761-e3e58547feae" Version="7.1.175.0">
    <inputs>
      <input name="InitialValue">
        <expression>
          <expression-string>StoredValue</expression-string>
        </expression>
      </input>
      <input name="ResetPoint">
        <expression>
          <expression-string>NeverReset</expression-string>
        </expression>
      </input>
    </inputs>
    <userXML />
  </Variable>
  <CurrentValue valueHasNotBeenSet="False" currentValue="0" />
</persistentitem><persistentitem id="bf923133-b712-4d54-a4bf-13de192d6fac">
  <Variable name="Laminater_AccuracySpec" persistentState="Recipe" type="Matrox.DesignAssistant.Core.Flowcharts.Variable`1[[System.String, mscorlib, Version=4.0.0.0, Culture=neutral, PublicKeyToken=b77a5c561934e089]], Matrox.DesignAssistant.Core, Version=7.1.175.0, Culture=neutral, PublicKeyToken=726f03a4652993c7" linkedAssemblies="Matrox.DesignAssistant.Core, Version=7.1.175.0, Culture=neutral, PublicKeyToken=726f03a4652993c7" description="" typeName="String" id="bf923133-b712-4d54-a4bf-13de192d6fac" modificationid="3a0ef950-4864-4753-bbd8-13f64b1cb460" Version="7.1.175.0">
    <inputs>
      <input name="InitialValue">
        <expression>
          <expression-string>StoredValue</expression-string>
        </expression>
      </input>
      <input name="ResetPoint">
        <expression>
          <expression-string>NeverReset</expression-string>
        </expression>
      </input>
    </inputs>
    <userXML />
  </Variable>
  <CurrentValue valueHasNotBeenSet="False" currentValue="20" />
</persistentitem><persistentitem id="98c93bd0-33f5-468d-ae6f-4488a5e96902">
  <Variable name="Laminater_C_D" persistentState="Recipe" type="Matrox.DesignAssistant.Core.Flowcharts.Variable`1[[System.String, mscorlib, Version=4.0.0.0, Culture=neutral, PublicKeyToken=b77a5c561934e089]], Matrox.DesignAssistant.Core, Version=7.1.175.0, Culture=neutral, PublicKeyToken=726f03a4652993c7" linkedAssemblies="Matrox.DesignAssistant.Core, Version=7.1.175.0, Culture=neutral, PublicKeyToken=726f03a4652993c7" description="" typeName="String" id="98c93bd0-33f5-468d-ae6f-4488a5e96902" modificationid="983ecfca-360b-4a3f-8a78-da3dcfebaae9" Version="7.1.175.0">
    <inputs>
      <input name="InitialValue">
        <expression>
          <expression-string>StoredValue</expression-string>
        </expression>
      </input>
      <input name="ResetPoint">
        <expression>
          <expression-string>NeverReset</expression-string>
        </expression>
      </input>
    </inputs>
    <userXML />
  </Variable>
  <CurrentValue valueHasNotBeenSet="False" currentValue="100" />
</persistentitem><persistentitem id="ee3bbaf8-0dee-4670-8ddd-be5bcde36eaf">
  <Variable name="Product_Length" persistentState="Recipe" type="Matrox.DesignAssistant.Core.Flowcharts.Variable`1[[System.String, mscorlib, Version=4.0.0.0, Culture=neutral, PublicKeyToken=b77a5c561934e089]], Matrox.DesignAssistant.Core, Version=7.1.175.0, Culture=neutral, PublicKeyToken=726f03a4652993c7" linkedAssemblies="Matrox.DesignAssistant.Core, Version=7.1.175.0, Culture=neutral, PublicKeyToken=726f03a4652993c7" description="" typeName="String" id="ee3bbaf8-0dee-4670-8ddd-be5bcde36eaf" modificationid="a81c4af4-35a8-4897-b55a-eb140e612b89" Version="7.1.175.0">
    <inputs>
      <input name="InitialValue">
        <expression>
          <expression-string>StoredValue</expression-string>
        </expression>
      </input>
      <input name="ResetPoint">
        <expression>
          <expression-string>NeverReset</expression-string>
        </expression>
      </input>
    </inputs>
    <userXML />
  </Variable>
  <CurrentValue valueHasNotBeenSet="False" currentValue="202.446" />
</persistentitem><persistentitem id="7f17ed10-3227-497f-bb69-7be30c9e8021">
  <Variable name="Resolution" persistentState="Recipe" type="Matrox.DesignAssistant.Core.Flowcharts.Variable`1[[System.String, mscorlib, Version=4.0.0.0, Culture=neutral, PublicKeyToken=b77a5c561934e089]], Matrox.DesignAssistant.Core, Version=7.1.175.0, Culture=neutral, PublicKeyToken=726f03a4652993c7" linkedAssemblies="Matrox.DesignAssistant.Core, Version=7.1.175.0, Culture=neutral, PublicKeyToken=726f03a4652993c7" description="" typeName="String" id="7f17ed10-3227-497f-bb69-7be30c9e8021" modificationid="d3ca3110-9c74-4253-9e50-17b65cd06709" Version="7.1.175.0">
    <inputs>
      <input name="InitialValue">
        <expression>
          <expression-string>StoredValue</expression-string>
        </expression>
      </input>
      <input name="ResetPoint">
        <expression>
          <expression-string>NeverReset</expression-string>
        </expression>
      </input>
    </inputs>
    <userXML />
  </Variable>
  <CurrentValue valueHasNotBeenSet="False" currentValue="1.15" />
</persistentitem></persistence>