﻿<?xml version="1.0" encoding="utf-8" standalone="yes"?>
<persistence><persistentitem id="57f9ca2d-c76f-4086-9bcc-851380542e2d">
  <Variable name="Spec_Resolution" persistentState="Global" type="Matrox.DesignAssistant.Core.Flowcharts.DoubleVariable, Matrox.DesignAssistant.Core, Version=7.1.175.0, Culture=neutral, PublicKeyToken=726f03a4652993c7" linkedAssemblies="Matrox.DesignAssistant.Core, Version=7.1.175.0, Culture=neutral, PublicKeyToken=726f03a4652993c7" description="" typeName="Numeric" id="57f9ca2d-c76f-4086-9bcc-851380542e2d" modificationid="36a7f25b-cf71-4891-a4a2-068d5d2719ff" Version="7.1.175.0">
    <inputs>
      <input name="InitialValue">
        <expression>
          <expression-string>StoredValue</expression-string>
        </expression>
      </input>
      <input name="ResetPoint">
        <expression>
          <expression-string>NeverReset</expression-string>
        </expression>
      </input>
    </inputs>
    <userXML />
  </Variable>
  <CurrentValue valueHasNotBeenSet="False" currentValue="1.15" />
</persistentitem><persistentitem id="53128403-68ee-492d-b18f-8174326ce1a4">
  <Variable name="CCD5_X" persistentState="Global" type="Matrox.DesignAssistant.Core.Flowcharts.DoubleVariable, Matrox.DesignAssistant.Core, Version=7.1.175.0, Culture=neutral, PublicKeyToken=726f03a4652993c7" linkedAssemblies="Matrox.DesignAssistant.Core, Version=7.1.175.0, Culture=neutral, PublicKeyToken=726f03a4652993c7" description="" typeName="Numeric" id="53128403-68ee-492d-b18f-8174326ce1a4" modificationid="2f3d81e6-80ed-4d19-a3f4-3e1218d3c404" Version="7.1.175.0">
    <inputs>
      <input name="InitialValue">
        <expression>
          <expression-string>StoredValue</expression-string>
        </expression>
      </input>
      <input name="ResetPoint">
        <expression>
          <expression-string>NeverReset</expression-string>
        </expression>
      </input>
    </inputs>
    <userXML />
  </Variable>
  <CurrentValue valueHasNotBeenSet="False" currentValue="-89334.9" />
</persistentitem><persistentitem id="fc0078a7-3c88-4419-b131-a6631108cc4f">
  <Variable name="CCD5_Y" persistentState="Global" type="Matrox.DesignAssistant.Core.Flowcharts.DoubleVariable, Matrox.DesignAssistant.Core, Version=7.1.175.0, Culture=neutral, PublicKeyToken=726f03a4652993c7" linkedAssemblies="Matrox.DesignAssistant.Core, Version=7.1.175.0, Culture=neutral, PublicKeyToken=726f03a4652993c7" description="" typeName="Numeric" id="fc0078a7-3c88-4419-b131-a6631108cc4f" modificationid="53022c51-1e77-421d-9c09-205159010f7c" Version="7.1.175.0">
    <inputs>
      <input name="InitialValue">
        <expression>
          <expression-string>StoredValue</expression-string>
        </expression>
      </input>
      <input name="ResetPoint">
        <expression>
          <expression-string>NeverReset</expression-string>
        </expression>
      </input>
    </inputs>
    <userXML />
  </Variable>
  <CurrentValue valueHasNotBeenSet="False" currentValue="74985.9" />
</persistentitem><persistentitem id="ab2bbbcb-61dc-437d-8f7f-44b70ff4a8f6">
  <Variable name="CCD6_X" persistentState="Global" type="Matrox.DesignAssistant.Core.Flowcharts.DoubleVariable, Matrox.DesignAssistant.Core, Version=7.1.175.0, Culture=neutral, PublicKeyToken=726f03a4652993c7" linkedAssemblies="Matrox.DesignAssistant.Core, Version=7.1.175.0, Culture=neutral, PublicKeyToken=726f03a4652993c7" description="" typeName="Numeric" id="ab2bbbcb-61dc-437d-8f7f-44b70ff4a8f6" modificationid="d1a18060-ddda-4f6b-994f-82f0b00f917e" Version="7.1.175.0">
    <inputs>
      <input name="InitialValue">
        <expression>
          <expression-string>StoredValue</expression-string>
        </expression>
      </input>
      <input name="ResetPoint">
        <expression>
          <expression-string>NeverReset</expression-string>
        </expression>
      </input>
    </inputs>
    <userXML />
  </Variable>
  <CurrentValue valueHasNotBeenSet="False" currentValue="83531.7" />
</persistentitem><persistentitem id="da11e5c8-5fae-4f93-9525-32b95c895dec">
  <Variable name="CCD6_Y" persistentState="Global" type="Matrox.DesignAssistant.Core.Flowcharts.DoubleVariable, Matrox.DesignAssistant.Core, Version=7.1.175.0, Culture=neutral, PublicKeyToken=726f03a4652993c7" linkedAssemblies="Matrox.DesignAssistant.Core, Version=7.1.175.0, Culture=neutral, PublicKeyToken=726f03a4652993c7" description="" typeName="Numeric" id="da11e5c8-5fae-4f93-9525-32b95c895dec" modificationid="b414cb49-4986-4bf3-ae2a-6dae0b644197" Version="7.1.175.0">
    <inputs>
      <input name="InitialValue">
        <expression>
          <expression-string>StoredValue</expression-string>
        </expression>
      </input>
      <input name="ResetPoint">
        <expression>
          <expression-string>NeverReset</expression-string>
        </expression>
      </input>
    </inputs>
    <userXML />
  </Variable>
  <CurrentValue valueHasNotBeenSet="False" currentValue="76301.7" />
</persistentitem><persistentitem id="8a01c0d7-5f25-4554-b026-a570339bb81b">
  <Variable name="Mark_CCD5Angle0" persistentState="Global" type="Matrox.DesignAssistant.Core.Flowcharts.ArrayVariable`1[[Matrox.DesignAssistant.Core.CommonTypes.ListWithMaxCount`1[[System.Double, mscorlib, Version=4.0.0.0, Culture=neutral, PublicKeyToken=b77a5c561934e089]], Matrox.DesignAssistant.Core, Version=7.1.175.0, Culture=neutral, PublicKeyToken=726f03a4652993c7]], Matrox.DesignAssistant.Core, Version=7.1.175.0, Culture=neutral, PublicKeyToken=726f03a4652993c7" linkedAssemblies="Matrox.DesignAssistant.Core, Version=7.1.175.0, Culture=neutral, PublicKeyToken=726f03a4652993c7" description="" typeName="Numeric array" maxCount="2147483647" id="8a01c0d7-5f25-4554-b026-a570339bb81b" modificationid="8670f889-6e16-4b01-a967-ee7fc27b884e" Version="7.1.175.0">
    <inputs>
      <input name="InitialValue">
        <expression>
          <expression-string>StoredValue</expression-string>
        </expression>
      </input>
      <input name="ResetPoint">
        <expression>
          <expression-string>NeverReset</expression-string>
        </expression>
      </input>
    </inputs>
    <userXML />
  </Variable>
  <CurrentValue valueHasNotBeenSet="False">
    <ArrayItem>2790.3</ArrayItem>
    <ArrayItem>1629.83</ArrayItem>
  </CurrentValue>
</persistentitem><persistentitem id="53e2b79d-403d-49da-a017-37a69199f1e3">
  <Variable name="Mark_CCD6Angle0" persistentState="Global" type="Matrox.DesignAssistant.Core.Flowcharts.ArrayVariable`1[[Matrox.DesignAssistant.Core.CommonTypes.ListWithMaxCount`1[[System.Double, mscorlib, Version=4.0.0.0, Culture=neutral, PublicKeyToken=b77a5c561934e089]], Matrox.DesignAssistant.Core, Version=7.1.175.0, Culture=neutral, PublicKeyToken=726f03a4652993c7]], Matrox.DesignAssistant.Core, Version=7.1.175.0, Culture=neutral, PublicKeyToken=726f03a4652993c7" linkedAssemblies="Matrox.DesignAssistant.Core, Version=7.1.175.0, Culture=neutral, PublicKeyToken=726f03a4652993c7" description="" typeName="Numeric array" maxCount="2147483647" id="53e2b79d-403d-49da-a017-37a69199f1e3" modificationid="460de243-4de9-488c-ad10-78c11ba6bf35" Version="7.1.175.0">
    <inputs>
      <input name="InitialValue">
        <expression>
          <expression-string>StoredValue</expression-string>
        </expression>
      </input>
      <input name="ResetPoint">
        <expression>
          <expression-string>NeverReset</expression-string>
        </expression>
      </input>
    </inputs>
    <userXML />
  </Variable>
  <CurrentValue valueHasNotBeenSet="False">
    <ArrayItem>1203.26</ArrayItem>
    <ArrayItem>1598.65</ArrayItem>
  </CurrentValue>
</persistentitem><persistentitem id="749b2248-9196-43f2-b1e9-90dbe9b7353b">
  <Variable name="CCD5_X" persistentState="Global" type="Matrox.DesignAssistant.Core.Flowcharts.DoubleVariable, Matrox.DesignAssistant.Core, Version=7.1.175.0, Culture=neutral, PublicKeyToken=726f03a4652993c7" linkedAssemblies="Matrox.DesignAssistant.Core, Version=7.1.175.0, Culture=neutral, PublicKeyToken=726f03a4652993c7" description="" typeName="Numeric" id="749b2248-9196-43f2-b1e9-90dbe9b7353b" modificationid="b0a8e61f-6bcb-40c7-82d2-884355141e16" Version="7.1.175.0">
    <inputs>
      <input name="InitialValue">
        <expression>
          <expression-string>StoredValue</expression-string>
        </expression>
      </input>
      <input name="ResetPoint">
        <expression>
          <expression-string>NeverReset</expression-string>
        </expression>
      </input>
    </inputs>
    <userXML />
  </Variable>
  <CurrentValue valueHasNotBeenSet="False" currentValue="-89334.9" />
</persistentitem><persistentitem id="70779331-464b-4886-b7d5-d2d27123fa9b">
  <Variable name="CCD5_Y" persistentState="Global" type="Matrox.DesignAssistant.Core.Flowcharts.DoubleVariable, Matrox.DesignAssistant.Core, Version=7.1.175.0, Culture=neutral, PublicKeyToken=726f03a4652993c7" linkedAssemblies="Matrox.DesignAssistant.Core, Version=7.1.175.0, Culture=neutral, PublicKeyToken=726f03a4652993c7" description="" typeName="Numeric" id="70779331-464b-4886-b7d5-d2d27123fa9b" modificationid="e64676bd-a26b-4247-8605-766dfa979f66" Version="7.1.175.0">
    <inputs>
      <input name="InitialValue">
        <expression>
          <expression-string>StoredValue</expression-string>
        </expression>
      </input>
      <input name="ResetPoint">
        <expression>
          <expression-string>NeverReset</expression-string>
        </expression>
      </input>
    </inputs>
    <userXML />
  </Variable>
  <CurrentValue valueHasNotBeenSet="False" currentValue="74985.9" />
</persistentitem><persistentitem id="8b6e7971-b3e7-42fe-b42b-1b0e2545a614">
  <Variable name="CCD6_X" persistentState="Global" type="Matrox.DesignAssistant.Core.Flowcharts.DoubleVariable, Matrox.DesignAssistant.Core, Version=7.1.175.0, Culture=neutral, PublicKeyToken=726f03a4652993c7" linkedAssemblies="Matrox.DesignAssistant.Core, Version=7.1.175.0, Culture=neutral, PublicKeyToken=726f03a4652993c7" description="" typeName="Numeric" id="8b6e7971-b3e7-42fe-b42b-1b0e2545a614" modificationid="ea83a6d4-a5da-49d5-b314-afec5036ce50" Version="7.1.175.0">
    <inputs>
      <input name="InitialValue">
        <expression>
          <expression-string>StoredValue</expression-string>
        </expression>
      </input>
      <input name="ResetPoint">
        <expression>
          <expression-string>NeverReset</expression-string>
        </expression>
      </input>
    </inputs>
    <userXML />
  </Variable>
  <CurrentValue valueHasNotBeenSet="False" currentValue="83531.7" />
</persistentitem><persistentitem id="f17b654a-2d52-4533-95ab-ca9572cb5cbd">
  <Variable name="CCD6_Y" persistentState="Global" type="Matrox.DesignAssistant.Core.Flowcharts.DoubleVariable, Matrox.DesignAssistant.Core, Version=7.1.175.0, Culture=neutral, PublicKeyToken=726f03a4652993c7" linkedAssemblies="Matrox.DesignAssistant.Core, Version=7.1.175.0, Culture=neutral, PublicKeyToken=726f03a4652993c7" description="" typeName="Numeric" id="f17b654a-2d52-4533-95ab-ca9572cb5cbd" modificationid="01431585-350a-4dcd-aacb-6df42533428b" Version="7.1.175.0">
    <inputs>
      <input name="InitialValue">
        <expression>
          <expression-string>StoredValue</expression-string>
        </expression>
      </input>
      <input name="ResetPoint">
        <expression>
          <expression-string>NeverReset</expression-string>
        </expression>
      </input>
    </inputs>
    <userXML />
  </Variable>
  <CurrentValue valueHasNotBeenSet="False" currentValue="76301.7" />
</persistentitem><persistentitem id="421b6d79-0103-4e67-bf91-d2a3c3d46992">
  <Variable name="Mark_CCD5Angle0" persistentState="Global" type="Matrox.DesignAssistant.Core.Flowcharts.ArrayVariable`1[[Matrox.DesignAssistant.Core.CommonTypes.ListWithMaxCount`1[[System.Double, mscorlib, Version=4.0.0.0, Culture=neutral, PublicKeyToken=b77a5c561934e089]], Matrox.DesignAssistant.Core, Version=7.1.175.0, Culture=neutral, PublicKeyToken=726f03a4652993c7]], Matrox.DesignAssistant.Core, Version=7.1.175.0, Culture=neutral, PublicKeyToken=726f03a4652993c7" linkedAssemblies="Matrox.DesignAssistant.Core, Version=7.1.175.0, Culture=neutral, PublicKeyToken=726f03a4652993c7" description="" typeName="Numeric array" maxCount="2147483647" id="421b6d79-0103-4e67-bf91-d2a3c3d46992" modificationid="649a8734-df00-455e-90b4-5ade66c3bcb5" Version="7.1.175.0">
    <inputs>
      <input name="InitialValue">
        <expression>
          <expression-string>StoredValue</expression-string>
        </expression>
      </input>
      <input name="ResetPoint">
        <expression>
          <expression-string>NeverReset</expression-string>
        </expression>
      </input>
    </inputs>
    <userXML />
  </Variable>
  <CurrentValue valueHasNotBeenSet="False">
    <ArrayItem>2272.85</ArrayItem>
    <ArrayItem>1466.5</ArrayItem>
  </CurrentValue>
</persistentitem><persistentitem id="36f183cc-1a40-48fd-9c2c-6bece0c823ac">
  <Variable name="Mark_CCD6Angle0" persistentState="Global" type="Matrox.DesignAssistant.Core.Flowcharts.ArrayVariable`1[[Matrox.DesignAssistant.Core.CommonTypes.ListWithMaxCount`1[[System.Double, mscorlib, Version=4.0.0.0, Culture=neutral, PublicKeyToken=b77a5c561934e089]], Matrox.DesignAssistant.Core, Version=7.1.175.0, Culture=neutral, PublicKeyToken=726f03a4652993c7]], Matrox.DesignAssistant.Core, Version=7.1.175.0, Culture=neutral, PublicKeyToken=726f03a4652993c7" linkedAssemblies="Matrox.DesignAssistant.Core, Version=7.1.175.0, Culture=neutral, PublicKeyToken=726f03a4652993c7" description="" typeName="Numeric array" maxCount="2147483647" id="36f183cc-1a40-48fd-9c2c-6bece0c823ac" modificationid="95efe4ec-9e0b-43e6-ba75-23757db3f8cc" Version="7.1.175.0">
    <inputs>
      <input name="InitialValue">
        <expression>
          <expression-string>StoredValue</expression-string>
        </expression>
      </input>
      <input name="ResetPoint">
        <expression>
          <expression-string>NeverReset</expression-string>
        </expression>
      </input>
    </inputs>
    <userXML />
  </Variable>
  <CurrentValue valueHasNotBeenSet="False">
    <ArrayItem>1777.54</ArrayItem>
    <ArrayItem>1442.68</ArrayItem>
  </CurrentValue>
</persistentitem><persistentitem id="548c1100-5e7d-408b-8b9e-3bde96ac5079" milstreamsdirname="MILStreams\MainFlowchart" milstreamfilenameprefix="Status">
  <step name="Status" persistentState="Global" type="Matrox.DesignAssistant.Core.Flowcharts.StatusStep.Status, Matrox.DesignAssistant.Core, Version=7.1.175.0, Culture=neutral, PublicKeyToken=726f03a4652993c7" id="548c1100-5e7d-408b-8b9e-3bde96ac5079" modificationid="60815762-4bc4-4d85-b1fd-f26769b744ed" Version="7.1.175.0">
    <inputs>
      <input name="AssociatedStatusStep">
        <expression>
          <expression-string>None</expression-string>
        </expression>
      </input>
      <input name="Comment">
        <expression>
          <expression-string></expression-string>
        </expression>
      </input>
      <objectCollection name="Conditions" type="Matrox.DesignAssistant.Core.Flowcharts.StatusStep.StatusConditionsCollection, Matrox.DesignAssistant.Core, Version=7.1.175.0, Culture=neutral, PublicKeyToken=726f03a4652993c7" id="e1af9d3e-ce66-4b09-b32c-7226286ba55a" Version="7.1.175.0">
        <expression>
          <expression-string></expression-string>
        </expression>
        <collectionItems>
          <subObject name="C1" type="Matrox.DesignAssistant.Core.Flowcharts.StatusStep.StatusCondition, Matrox.DesignAssistant.Core, Version=7.1.175.0, Culture=neutral, PublicKeyToken=726f03a4652993c7" id="fe0438c6-7126-479b-9695-e569564c7b43" Version="7.1.175.0">
            <inputs>
              <input name="Enabled">
                <expression>
                  <expression-string>True</expression-string>
                </expression>
              </input>
              <input name="AdvancedMode">
                <expression>
                  <expression-string>True</expression-string>
                </expression>
              </input>
              <input name="AdvancedCondition">
                <expression>
                  <expression-string need-link-container="True">ReviewBackPanel.BackPanelOKNG="OK"</expression-string>
                </expression>
              </input>
              <input name="Link">
                <expression>
                  <expression-string need-link-container="True">ReviewBackPanel.BackPanelOKNG="OK"</expression-string>
                </expression>
              </input>
              <input name="Operator">
                <expression>
                  <expression-string>=</expression-string>
                </expression>
              </input>
              <input name="Comment">
                <expression>
                  <expression-string></expression-string>
                </expression>
              </input>
              <subObject name="InspectionLabel" type="Matrox.DesignAssistant.Core.Projects.BaseLabel, Matrox.DesignAssistant.Core, Version=7.1.175.0, Culture=neutral, PublicKeyToken=726f03a4652993c7" id="41e44dc2-1534-4202-8579-e57140acfa7a" Version="7.1.175.0">
                <expression>
                  <expression-string></expression-string>
                </expression>
                <inputs>
                  <input name="Background">
                    <expression>
                      <expression-string>-65536</expression-string>
                    </expression>
                  </input>
                  <input name="Condition">
                    <expression>
                      <expression-string need-link-container="True">Status.Conditions("C1").Result=Fail</expression-string>
                    </expression>
                  </input>
                  <input name="DesignTimeVisible">
                    <expression>
                      <expression-string>True</expression-string>
                    </expression>
                  </input>
                  <input name="Foreground">
                    <expression>
                      <expression-string>-1</expression-string>
                    </expression>
                  </input>
                  <input name="RuntimeVisible">
                    <expression>
                      <expression-string>True</expression-string>
                    </expression>
                  </input>
                  <input name="Type">
                    <expression>
                      <expression-string>StatusCondition</expression-string>
                    </expression>
                  </input>
                  <input name="Value">
                    <expression>
                      <expression-string>None</expression-string>
                    </expression>
                  </input>
                </inputs>
                <userXML>
                  <AutomaticName>C1</AutomaticName>
                </userXML>
              </subObject>
              <input name="Value1">
                <expression expression-type="System.Boolean, mscorlib, Version=4.0.0.0, Culture=neutral, PublicKeyToken=b77a5c561934e089">
                  <expression-string>1</expression-string>
                </expression>
              </input>
              <input name="Value2">
                <expression expression-type="System.Boolean, mscorlib, Version=4.0.0.0, Culture=neutral, PublicKeyToken=b77a5c561934e089">
                  <expression-string>2</expression-string>
                </expression>
              </input>
            </inputs>
            <userXML />
          </subObject>
        </collectionItems>
        <userXML />
      </objectCollection>
      <input name="CreateAutomaticLabels">
        <expression>
          <expression-string>True</expression-string>
        </expression>
      </input>
      <subObject name="ErrorCaughtInspectionLabel" type="Matrox.DesignAssistant.Core.Projects.BaseLabel, Matrox.DesignAssistant.Core, Version=7.1.175.0, Culture=neutral, PublicKeyToken=726f03a4652993c7" id="1b7b2c39-3bf3-49c7-810a-1acc979b2d59" Version="7.1.175.0">
        <expression>
          <expression-string></expression-string>
        </expression>
        <inputs>
          <input name="Background">
            <expression>
              <expression-string>-65536</expression-string>
            </expression>
          </input>
          <input name="Condition">
            <expression>
              <expression-string need-link-container="True">Status.ErrorCaught=True</expression-string>
            </expression>
          </input>
          <input name="DesignTimeVisible">
            <expression>
              <expression-string>True</expression-string>
            </expression>
          </input>
          <input name="Foreground">
            <expression>
              <expression-string>-1</expression-string>
            </expression>
          </input>
          <input name="RuntimeVisible">
            <expression>
              <expression-string>True</expression-string>
            </expression>
          </input>
          <input name="Type">
            <expression>
              <expression-string>StatusCondition</expression-string>
            </expression>
          </input>
          <input name="Value">
            <expression>
              <expression-string>None</expression-string>
            </expression>
          </input>
        </inputs>
        <userXML>
          <AutomaticName>ErrorCaught</AutomaticName>
        </userXML>
      </subObject>
      <subObject name="FailInspectionLabel" type="Matrox.DesignAssistant.Core.Projects.BaseLabel, Matrox.DesignAssistant.Core, Version=7.1.175.0, Culture=neutral, PublicKeyToken=726f03a4652993c7" id="e89dee53-d3ee-4d57-8274-c6e4712dcacf" Version="7.1.175.0">
        <expression>
          <expression-string></expression-string>
        </expression>
        <inputs>
          <input name="Background">
            <expression>
              <expression-string>-65536</expression-string>
            </expression>
          </input>
          <input name="Condition">
            <expression>
              <expression-string need-link-container="True">Status.Result=Fail</expression-string>
            </expression>
          </input>
          <input name="DesignTimeVisible">
            <expression>
              <expression-string>True</expression-string>
            </expression>
          </input>
          <input name="Foreground">
            <expression>
              <expression-string>-1</expression-string>
            </expression>
          </input>
          <input name="RuntimeVisible">
            <expression>
              <expression-string>True</expression-string>
            </expression>
          </input>
          <input name="Type">
            <expression>
              <expression-string>StatusCondition</expression-string>
            </expression>
          </input>
          <input name="Value">
            <expression>
              <expression-string>None</expression-string>
            </expression>
          </input>
        </inputs>
        <userXML>
          <AutomaticName>Fail</AutomaticName>
        </userXML>
      </subObject>
      <subObject name="PassInspectionLabel" type="Matrox.DesignAssistant.Core.Projects.BaseLabel, Matrox.DesignAssistant.Core, Version=7.1.175.0, Culture=neutral, PublicKeyToken=726f03a4652993c7" id="77b3e895-aa12-4f05-9881-1574f66524d3" Version="7.1.175.0">
        <expression>
          <expression-string></expression-string>
        </expression>
        <inputs>
          <input name="Background">
            <expression>
              <expression-string>-16744448</expression-string>
            </expression>
          </input>
          <input name="Condition">
            <expression>
              <expression-string need-link-container="True">Status.Result=Pass</expression-string>
            </expression>
          </input>
          <input name="DesignTimeVisible">
            <expression>
              <expression-string>True</expression-string>
            </expression>
          </input>
          <input name="Foreground">
            <expression>
              <expression-string>-1</expression-string>
            </expression>
          </input>
          <input name="RuntimeVisible">
            <expression>
              <expression-string>True</expression-string>
            </expression>
          </input>
          <input name="Type">
            <expression>
              <expression-string>StatusCondition</expression-string>
            </expression>
          </input>
          <input name="Value">
            <expression>
              <expression-string>None</expression-string>
            </expression>
          </input>
        </inputs>
        <userXML>
          <AutomaticName>Pass</AutomaticName>
        </userXML>
      </subObject>
      <input name="ResetPoint">
        <expression>
          <expression-string>InspectionStart</expression-string>
        </expression>
      </input>
      <input name="Suspended">
        <expression>
          <expression-string>False</expression-string>
        </expression>
      </input>
    </inputs>
    <userXML />
  </step>
</persistentitem><persistentitem id="93cbc340-ab95-42a2-a9f7-08fed1983836" milstreamsdirname="MILStreams\OnAddRecipeButtonClick" milstreamfilenameprefix="CreateRecipe">
  <step name="CreateRecipe" persistentState="Global" type="Matrox.DesignAssistant.Steps.PersistencePackage.CreateRecipe, Matrox.DesignAssistant.Steps.PersistencePackage, Version=7.1.175.0, Culture=neutral, PublicKeyToken=726f03a4652993c7" id="93cbc340-ab95-42a2-a9f7-08fed1983836" modificationid="a7be83d2-595d-4120-9b9a-3e02e7cacc51" Version="7.1.175.0">
    <inputs>
      <input name="Comment">
        <expression>
          <expression-string></expression-string>
        </expression>
      </input>
      <input name="GenerateAutoID">
        <expression>
          <expression-string>False</expression-string>
        </expression>
      </input>
      <input name="RecipeID">
        <expression>
          <expression-string>COUNT(RECIPEIDS())</expression-string>
        </expression>
      </input>
      <input name="RecipeName">
        <expression>
          <expression-string>NewRecipe</expression-string>
        </expression>
      </input>
      <input name="ResetPoint">
        <expression>
          <expression-string>InspectionStart</expression-string>
        </expression>
      </input>
      <input name="SwitchToNewRecipe">
        <expression>
          <expression-string>True</expression-string>
        </expression>
      </input>
    </inputs>
    <userXML />
  </step>
</persistentitem></persistence>