﻿<?xml version="1.0" encoding="utf-8" standalone="yes"?>
<persistence><persistentitem id="b13d9a70-373d-4cb5-8fa3-e76ae58071ab">
  <Variable name="A_X" persistentState="Recipe" type="Matrox.DesignAssistant.Core.Flowcharts.Variable`1[[System.String, mscorlib, Version=4.0.0.0, Culture=neutral, PublicKeyToken=b77a5c561934e089]], Matrox.DesignAssistant.Core, Version=7.0.214.0, Culture=neutral, PublicKeyToken=726f03a4652993c7" linkedAssemblies="Matrox.DesignAssistant.Core, Version=7.0.214.0, Culture=neutral, PublicKeyToken=726f03a4652993c7" description="" typeName="String" id="b13d9a70-373d-4cb5-8fa3-e76ae58071ab" modificationid="877952cf-a9b7-4567-9db8-d043e4d1c9d3" Version="7.0.214.0">
    <inputs>
      <input name="InitialValue">
        <expression>
          <expression-string>StoredValue</expression-string>
        </expression>
      </input>
      <input name="ResetPoint">
        <expression>
          <expression-string>NeverReset</expression-string>
        </expression>
      </input>
    </inputs>
    <userXML />
  </Variable>
  <CurrentValue valueHasNotBeenSet="False" currentValue="1029.5" />
</persistentitem><persistentitem id="1dc966f0-3ca5-46af-bfb7-d876ff9f7119">
  <Variable name="A_Y" persistentState="Recipe" type="Matrox.DesignAssistant.Core.Flowcharts.Variable`1[[System.String, mscorlib, Version=4.0.0.0, Culture=neutral, PublicKeyToken=b77a5c561934e089]], Matrox.DesignAssistant.Core, Version=7.0.214.0, Culture=neutral, PublicKeyToken=726f03a4652993c7" linkedAssemblies="Matrox.DesignAssistant.Core, Version=7.0.214.0, Culture=neutral, PublicKeyToken=726f03a4652993c7" description="" typeName="String" id="1dc966f0-3ca5-46af-bfb7-d876ff9f7119" modificationid="b352274d-1e1b-42af-a11a-58a57cae4d33" Version="7.0.214.0">
    <inputs>
      <input name="InitialValue">
        <expression>
          <expression-string>StoredValue</expression-string>
        </expression>
      </input>
      <input name="ResetPoint">
        <expression>
          <expression-string>NeverReset</expression-string>
        </expression>
      </input>
    </inputs>
    <userXML />
  </Variable>
  <CurrentValue valueHasNotBeenSet="False" currentValue="665.5" />
</persistentitem><persistentitem id="62a96234-4cfa-4972-9426-05587de5f426">
  <Variable name="B_X" persistentState="Recipe" type="Matrox.DesignAssistant.Core.Flowcharts.Variable`1[[System.String, mscorlib, Version=4.0.0.0, Culture=neutral, PublicKeyToken=b77a5c561934e089]], Matrox.DesignAssistant.Core, Version=7.0.214.0, Culture=neutral, PublicKeyToken=726f03a4652993c7" linkedAssemblies="Matrox.DesignAssistant.Core, Version=7.0.214.0, Culture=neutral, PublicKeyToken=726f03a4652993c7" description="" typeName="String" id="62a96234-4cfa-4972-9426-05587de5f426" modificationid="276d1926-4341-44b2-874a-30751c254dbb" Version="7.0.214.0">
    <inputs>
      <input name="InitialValue">
        <expression>
          <expression-string>StoredValue</expression-string>
        </expression>
      </input>
      <input name="ResetPoint">
        <expression>
          <expression-string>NeverReset</expression-string>
        </expression>
      </input>
    </inputs>
    <userXML />
  </Variable>
  <CurrentValue valueHasNotBeenSet="False" currentValue="1034" />
</persistentitem><persistentitem id="4190481a-34de-402b-a412-9fbda7ecfd17">
  <Variable name="B_Y" persistentState="Recipe" type="Matrox.DesignAssistant.Core.Flowcharts.Variable`1[[System.String, mscorlib, Version=4.0.0.0, Culture=neutral, PublicKeyToken=b77a5c561934e089]], Matrox.DesignAssistant.Core, Version=7.0.214.0, Culture=neutral, PublicKeyToken=726f03a4652993c7" linkedAssemblies="Matrox.DesignAssistant.Core, Version=7.0.214.0, Culture=neutral, PublicKeyToken=726f03a4652993c7" description="" typeName="String" id="4190481a-34de-402b-a412-9fbda7ecfd17" modificationid="6fa8627f-5024-4f2d-be0c-d9cdb99e80ee" Version="7.0.214.0">
    <inputs>
      <input name="InitialValue">
        <expression>
          <expression-string>StoredValue</expression-string>
        </expression>
      </input>
      <input name="ResetPoint">
        <expression>
          <expression-string>NeverReset</expression-string>
        </expression>
      </input>
    </inputs>
    <userXML />
  </Variable>
  <CurrentValue valueHasNotBeenSet="False" currentValue="1468.5" />
</persistentitem><persistentitem id="91965062-a343-468d-ac08-02beb1c61875">
  <Variable name="Resolution" persistentState="Recipe" type="Matrox.DesignAssistant.Core.Flowcharts.Variable`1[[System.String, mscorlib, Version=4.0.0.0, Culture=neutral, PublicKeyToken=b77a5c561934e089]], Matrox.DesignAssistant.Core, Version=7.0.214.0, Culture=neutral, PublicKeyToken=726f03a4652993c7" linkedAssemblies="Matrox.DesignAssistant.Core, Version=7.0.214.0, Culture=neutral, PublicKeyToken=726f03a4652993c7" description="" typeName="String" id="91965062-a343-468d-ac08-02beb1c61875" modificationid="5d3504d8-d32e-407b-9e8a-566bd5361e5a" Version="7.0.214.0">
    <inputs>
      <input name="InitialValue">
        <expression>
          <expression-string>StoredValue</expression-string>
        </expression>
      </input>
      <input name="ResetPoint">
        <expression>
          <expression-string>NeverReset</expression-string>
        </expression>
      </input>
    </inputs>
    <userXML />
  </Variable>
  <CurrentValue valueHasNotBeenSet="False" currentValue="1.15" />
</persistentitem></persistence>