﻿<?xml version="1.0" encoding="utf-8" standalone="yes"?>
<persistence>
  <persistentitem id="b13d9a70-373d-4cb5-8fa3-e76ae58071ab">
    <Variable name="A_X" persistentState="Recipe" type="Matrox.DesignAssistant.Core.Flowcharts.Variable`1[[System.String, mscorlib, Version=4.0.0.0, Culture=neutral, PublicKeyToken=b77a5c561934e089]], Matrox.DesignAssistant.Core, Version=7.1.175.0, Culture=neutral, PublicKeyToken=726f03a4652993c7" linkedAssemblies="Matrox.DesignAssistant.Core, Version=7.1.175.0, Culture=neutral, PublicKeyToken=726f03a4652993c7" description="" typeName="String" id="b13d9a70-373d-4cb5-8fa3-e76ae58071ab" modificationid="877952cf-a9b7-4567-9db8-d043e4d1c9d3" Version="7.1.175.0">
      <inputs>
        <input name="InitialValue">
          <expression>
            <expression-string>StoredValue</expression-string>
          </expression>
        </input>
        <input name="ResetPoint">
          <expression>
            <expression-string>NeverReset</expression-string>
          </expression>
        </input>
      </inputs>
      <userXML />
    </Variable>
    <CurrentValue valueHasNotBeenSet="False" currentValue="1029.5" />
  </persistentitem>
  <persistentitem id="1dc966f0-3ca5-46af-bfb7-d876ff9f7119">
    <Variable name="A_Y" persistentState="Recipe" type="Matrox.DesignAssistant.Core.Flowcharts.Variable`1[[System.String, mscorlib, Version=4.0.0.0, Culture=neutral, PublicKeyToken=b77a5c561934e089]], Matrox.DesignAssistant.Core, Version=7.1.175.0, Culture=neutral, PublicKeyToken=726f03a4652993c7" linkedAssemblies="Matrox.DesignAssistant.Core, Version=7.1.175.0, Culture=neutral, PublicKeyToken=726f03a4652993c7" description="" typeName="String" id="1dc966f0-3ca5-46af-bfb7-d876ff9f7119" modificationid="b352274d-1e1b-42af-a11a-58a57cae4d33" Version="7.1.175.0">
      <inputs>
        <input name="InitialValue">
          <expression>
            <expression-string>StoredValue</expression-string>
          </expression>
        </input>
        <input name="ResetPoint">
          <expression>
            <expression-string>NeverReset</expression-string>
          </expression>
        </input>
      </inputs>
      <userXML />
    </Variable>
    <CurrentValue valueHasNotBeenSet="False" currentValue="665.5" />
  </persistentitem>
  <persistentitem id="eadba9b8-1946-4ad9-8c20-56f13ff79ef5">
    <Variable name="AccuracySpec_A" persistentState="Recipe" type="Matrox.DesignAssistant.Core.Flowcharts.Variable`1[[System.String, mscorlib, Version=4.0.0.0, Culture=neutral, PublicKeyToken=b77a5c561934e089]], Matrox.DesignAssistant.Core, Version=7.1.175.0, Culture=neutral, PublicKeyToken=726f03a4652993c7" linkedAssemblies="Matrox.DesignAssistant.Core, Version=7.1.175.0, Culture=neutral, PublicKeyToken=726f03a4652993c7" description="" typeName="String" id="eadba9b8-1946-4ad9-8c20-56f13ff79ef5" modificationid="ffbad63a-1574-4fbe-ba1c-09aeaa5657ce" Version="7.1.175.0">
      <inputs>
        <input name="InitialValue">
          <expression>
            <expression-string>StoredValue</expression-string>
          </expression>
        </input>
        <input name="ResetPoint">
          <expression>
            <expression-string>NeverReset</expression-string>
          </expression>
        </input>
      </inputs>
      <userXML />
    </Variable>
    <CurrentValue valueHasNotBeenSet="False" currentValue="100" />
  </persistentitem>
  <persistentitem id="ea5e9fa7-378f-4bf7-970d-521cdaf7875b">
    <Variable name="AccuracySpec_B" persistentState="Recipe" type="Matrox.DesignAssistant.Core.Flowcharts.Variable`1[[System.String, mscorlib, Version=4.0.0.0, Culture=neutral, PublicKeyToken=b77a5c561934e089]], Matrox.DesignAssistant.Core, Version=7.1.175.0, Culture=neutral, PublicKeyToken=726f03a4652993c7" linkedAssemblies="Matrox.DesignAssistant.Core, Version=7.1.175.0, Culture=neutral, PublicKeyToken=726f03a4652993c7" description="" typeName="String" id="ea5e9fa7-378f-4bf7-970d-521cdaf7875b" modificationid="6d0b2489-ff79-46c2-a765-fa383912b51f" Version="7.1.175.0">
      <inputs>
        <input name="InitialValue">
          <expression>
            <expression-string>StoredValue</expression-string>
          </expression>
        </input>
        <input name="ResetPoint">
          <expression>
            <expression-string>NeverReset</expression-string>
          </expression>
        </input>
      </inputs>
      <userXML />
    </Variable>
    <CurrentValue valueHasNotBeenSet="False" currentValue="10" />
  </persistentitem>
  <persistentitem id="62a96234-4cfa-4972-9426-05587de5f426">
    <Variable name="B_X" persistentState="Recipe" type="Matrox.DesignAssistant.Core.Flowcharts.Variable`1[[System.String, mscorlib, Version=4.0.0.0, Culture=neutral, PublicKeyToken=b77a5c561934e089]], Matrox.DesignAssistant.Core, Version=7.1.175.0, Culture=neutral, PublicKeyToken=726f03a4652993c7" linkedAssemblies="Matrox.DesignAssistant.Core, Version=7.1.175.0, Culture=neutral, PublicKeyToken=726f03a4652993c7" description="" typeName="String" id="62a96234-4cfa-4972-9426-05587de5f426" modificationid="276d1926-4341-44b2-874a-30751c254dbb" Version="7.1.175.0">
      <inputs>
        <input name="InitialValue">
          <expression>
            <expression-string>StoredValue</expression-string>
          </expression>
        </input>
        <input name="ResetPoint">
          <expression>
            <expression-string>NeverReset</expression-string>
          </expression>
        </input>
      </inputs>
      <userXML />
    </Variable>
    <CurrentValue valueHasNotBeenSet="False" currentValue="1034" />
  </persistentitem>
  <persistentitem id="4190481a-34de-402b-a412-9fbda7ecfd17">
    <Variable name="B_Y" persistentState="Recipe" type="Matrox.DesignAssistant.Core.Flowcharts.Variable`1[[System.String, mscorlib, Version=4.0.0.0, Culture=neutral, PublicKeyToken=b77a5c561934e089]], Matrox.DesignAssistant.Core, Version=7.1.175.0, Culture=neutral, PublicKeyToken=726f03a4652993c7" linkedAssemblies="Matrox.DesignAssistant.Core, Version=7.1.175.0, Culture=neutral, PublicKeyToken=726f03a4652993c7" description="" typeName="String" id="4190481a-34de-402b-a412-9fbda7ecfd17" modificationid="6fa8627f-5024-4f2d-be0c-d9cdb99e80ee" Version="7.1.175.0">
      <inputs>
        <input name="InitialValue">
          <expression>
            <expression-string>StoredValue</expression-string>
          </expression>
        </input>
        <input name="ResetPoint">
          <expression>
            <expression-string>NeverReset</expression-string>
          </expression>
        </input>
      </inputs>
      <userXML />
    </Variable>
    <CurrentValue valueHasNotBeenSet="False" currentValue="1468.5" />
  </persistentitem>
  <persistentitem id="08ceabe9-b339-400d-9ca9-4a4abb29d5e0">
    <Variable name="COARSE1_X" persistentState="Recipe" type="Matrox.DesignAssistant.Core.Flowcharts.Variable`1[[System.String, mscorlib, Version=4.0.0.0, Culture=neutral, PublicKeyToken=b77a5c561934e089]], Matrox.DesignAssistant.Core, Version=7.1.175.0, Culture=neutral, PublicKeyToken=726f03a4652993c7" linkedAssemblies="Matrox.DesignAssistant.Core, Version=7.1.175.0, Culture=neutral, PublicKeyToken=726f03a4652993c7" description="" typeName="String" id="08ceabe9-b339-400d-9ca9-4a4abb29d5e0" modificationid="2d1beef3-2318-4520-a4ff-e2849405f888" Version="7.1.175.0">
      <inputs>
        <input name="InitialValue">
          <expression>
            <expression-string>StoredValue</expression-string>
          </expression>
        </input>
        <input name="ResetPoint">
          <expression>
            <expression-string>NeverReset</expression-string>
          </expression>
        </input>
      </inputs>
      <userXML />
    </Variable>
    <CurrentValue valueHasNotBeenSet="False" currentValue="2145" />
  </persistentitem>
  <persistentitem id="362761e3-5bf5-4349-9602-2051138c47a4">
    <Variable name="COARSE1_Y" persistentState="Recipe" type="Matrox.DesignAssistant.Core.Flowcharts.Variable`1[[System.String, mscorlib, Version=4.0.0.0, Culture=neutral, PublicKeyToken=b77a5c561934e089]], Matrox.DesignAssistant.Core, Version=7.1.175.0, Culture=neutral, PublicKeyToken=726f03a4652993c7" linkedAssemblies="Matrox.DesignAssistant.Core, Version=7.1.175.0, Culture=neutral, PublicKeyToken=726f03a4652993c7" description="" typeName="String" id="362761e3-5bf5-4349-9602-2051138c47a4" modificationid="f7394e2a-13b6-4ded-aa11-0a410e1dad54" Version="7.1.175.0">
      <inputs>
        <input name="InitialValue">
          <expression>
            <expression-string>StoredValue</expression-string>
          </expression>
        </input>
        <input name="ResetPoint">
          <expression>
            <expression-string>NeverReset</expression-string>
          </expression>
        </input>
      </inputs>
      <userXML />
    </Variable>
    <CurrentValue valueHasNotBeenSet="False" currentValue="1898" />
  </persistentitem>
  <persistentitem id="583a5781-70bb-4f8d-af15-09724b76c293">
    <Variable name="COARSE2_AccuracySpec" persistentState="Recipe" type="Matrox.DesignAssistant.Core.Flowcharts.Variable`1[[System.String, mscorlib, Version=4.0.0.0, Culture=neutral, PublicKeyToken=b77a5c561934e089]], Matrox.DesignAssistant.Core, Version=7.1.175.0, Culture=neutral, PublicKeyToken=726f03a4652993c7" linkedAssemblies="Matrox.DesignAssistant.Core, Version=7.1.175.0, Culture=neutral, PublicKeyToken=726f03a4652993c7" description="" typeName="String" id="583a5781-70bb-4f8d-af15-09724b76c293" modificationid="6c665434-d8da-46d5-8e8e-68a1199ab91d" Version="7.1.175.0">
      <inputs>
        <input name="InitialValue">
          <expression>
            <expression-string>StoredValue</expression-string>
          </expression>
        </input>
        <input name="ResetPoint">
          <expression>
            <expression-string>NeverReset</expression-string>
          </expression>
        </input>
      </inputs>
      <userXML />
    </Variable>
    <CurrentValue valueHasNotBeenSet="False" currentValue="50" />
  </persistentitem>
  <persistentitem id="0384e67d-8c5e-437d-9a59-01fb2afd3e5f">
    <Variable name="COARSE2_X1_X4" persistentState="Recipe" type="Matrox.DesignAssistant.Core.Flowcharts.Variable`1[[System.String, mscorlib, Version=4.0.0.0, Culture=neutral, PublicKeyToken=b77a5c561934e089]], Matrox.DesignAssistant.Core, Version=7.1.175.0, Culture=neutral, PublicKeyToken=726f03a4652993c7" linkedAssemblies="Matrox.DesignAssistant.Core, Version=7.1.175.0, Culture=neutral, PublicKeyToken=726f03a4652993c7" description="" typeName="String" id="0384e67d-8c5e-437d-9a59-01fb2afd3e5f" modificationid="49c5370b-3351-4692-80e9-4f964c1fbc19" Version="7.1.175.0">
      <inputs>
        <input name="InitialValue">
          <expression>
            <expression-string>StoredValue</expression-string>
          </expression>
        </input>
        <input name="ResetPoint">
          <expression>
            <expression-string>NeverReset</expression-string>
          </expression>
        </input>
      </inputs>
      <userXML />
    </Variable>
    <CurrentValue valueHasNotBeenSet="False" currentValue="332" />
  </persistentitem>
  <persistentitem id="a6c7d446-492b-4948-85f9-eeaf1d957655">
    <Variable name="COARSE2_Y1_Y3" persistentState="Recipe" type="Matrox.DesignAssistant.Core.Flowcharts.Variable`1[[System.String, mscorlib, Version=4.0.0.0, Culture=neutral, PublicKeyToken=b77a5c561934e089]], Matrox.DesignAssistant.Core, Version=7.1.175.0, Culture=neutral, PublicKeyToken=726f03a4652993c7" linkedAssemblies="Matrox.DesignAssistant.Core, Version=7.1.175.0, Culture=neutral, PublicKeyToken=726f03a4652993c7" description="" typeName="String" id="a6c7d446-492b-4948-85f9-eeaf1d957655" modificationid="2328d1dd-5bf3-4fd6-a2c8-aefbe3bd9e6b" Version="7.1.175.0">
      <inputs>
        <input name="InitialValue">
          <expression>
            <expression-string>StoredValue</expression-string>
          </expression>
        </input>
        <input name="ResetPoint">
          <expression>
            <expression-string>NeverReset</expression-string>
          </expression>
        </input>
      </inputs>
      <userXML />
    </Variable>
    <CurrentValue valueHasNotBeenSet="False" currentValue="475" />
  </persistentitem>
  <persistentitem id="3daf9730-0bac-4f28-8916-02e29816b375">
    <Variable name="COARSE2_Y2_Y4" persistentState="Recipe" type="Matrox.DesignAssistant.Core.Flowcharts.Variable`1[[System.String, mscorlib, Version=4.0.0.0, Culture=neutral, PublicKeyToken=b77a5c561934e089]], Matrox.DesignAssistant.Core, Version=7.1.175.0, Culture=neutral, PublicKeyToken=726f03a4652993c7" linkedAssemblies="Matrox.DesignAssistant.Core, Version=7.1.175.0, Culture=neutral, PublicKeyToken=726f03a4652993c7" description="" typeName="String" id="3daf9730-0bac-4f28-8916-02e29816b375" modificationid="e7bfcfbc-4576-41bc-a862-f36c1941f392" Version="7.1.175.0">
      <inputs>
        <input name="InitialValue">
          <expression>
            <expression-string>StoredValue</expression-string>
          </expression>
        </input>
        <input name="ResetPoint">
          <expression>
            <expression-string>NeverReset</expression-string>
          </expression>
        </input>
      </inputs>
      <userXML />
    </Variable>
    <CurrentValue valueHasNotBeenSet="False" currentValue="873" />
  </persistentitem>
  <persistentitem id="2171c5b1-ef10-4b39-8e37-7151e766942d">
    <Variable name="Product_Length" persistentState="Recipe" type="Matrox.DesignAssistant.Core.Flowcharts.Variable`1[[System.String, mscorlib, Version=4.0.0.0, Culture=neutral, PublicKeyToken=b77a5c561934e089]], Matrox.DesignAssistant.Core, Version=7.1.175.0, Culture=neutral, PublicKeyToken=726f03a4652993c7" linkedAssemblies="Matrox.DesignAssistant.Core, Version=7.1.175.0, Culture=neutral, PublicKeyToken=726f03a4652993c7" description="" typeName="String" id="2171c5b1-ef10-4b39-8e37-7151e766942d" modificationid="434c5ef5-c66c-4d99-8b99-ac62af759dfd" Version="7.1.175.0">
      <inputs>
        <input name="InitialValue">
          <expression>
            <expression-string>StoredValue</expression-string>
          </expression>
        </input>
        <input name="ResetPoint">
          <expression>
            <expression-string>NeverReset</expression-string>
          </expression>
        </input>
      </inputs>
      <userXML />
    </Variable>
    <CurrentValue valueHasNotBeenSet="False" currentValue="202.446" />
  </persistentitem>
  <persistentitem id="91965062-a343-468d-ac08-02beb1c61875">
    <Variable name="Resolution" persistentState="Recipe" type="Matrox.DesignAssistant.Core.Flowcharts.Variable`1[[System.String, mscorlib, Version=4.0.0.0, Culture=neutral, PublicKeyToken=b77a5c561934e089]], Matrox.DesignAssistant.Core, Version=7.1.175.0, Culture=neutral, PublicKeyToken=726f03a4652993c7" linkedAssemblies="Matrox.DesignAssistant.Core, Version=7.1.175.0, Culture=neutral, PublicKeyToken=726f03a4652993c7" description="" typeName="String" id="91965062-a343-468d-ac08-02beb1c61875" modificationid="5d3504d8-d32e-407b-9e8a-566bd5361e5a" Version="7.1.175.0">
      <inputs>
        <input name="InitialValue">
          <expression>
            <expression-string>StoredValue</expression-string>
          </expression>
        </input>
        <input name="ResetPoint">
          <expression>
            <expression-string>NeverReset</expression-string>
          </expression>
        </input>
      </inputs>
      <userXML />
    </Variable>
    <CurrentValue valueHasNotBeenSet="False" currentValue="1.15" />
  </persistentitem>
</persistence>