﻿<?xml version="1.0" encoding="utf-8" standalone="yes"?>
<counterdata>
  <step name="Status2" id="c1090caa-82d5-415d-b331-9a6e93895321">
    <data name="CurrentPassCount">
      <value>0</value>
    </data>
    <data name="CurrentFailCount">
      <value>0</value>
    </data>
    <data name="CurrentTotalCount">
      <value>0</value>
    </data>
    <data name="CurrentErrorCount">
      <value>0</value>
    </data>
  </step>
  <step name="Status" id="71e193f2-7f74-459b-809b-189a7303ed77">
    <data name="CurrentPassCount">
      <value>1707</value>
    </data>
    <data name="CurrentFailCount">
      <value>1823</value>
    </data>
    <data name="CurrentTotalCount">
      <value>3530</value>
    </data>
    <data name="CurrentErrorCount">
      <value>1691</value>
    </data>
  </step>
  <step name="ImageWriterCopy3" id="232a63c5-c4fc-4f97-b260-240683faf860">
    <data name="NextImageIndex">
      <value>0</value>
    </data>
  </step>
  <step name="ImageWriterCopy4" id="37721400-ff74-4f62-9514-f64f7f248e4a">
    <data name="NextImageIndex">
      <value>0</value>
    </data>
  </step>
  <step name="ImageWriterCopy" id="78166aec-6b08-459e-9fbb-df9f944117af">
    <data name="NextImageIndex">
      <value>0</value>
    </data>
  </step>
  <step name="ImageWriterCopy2" id="4b1f4af4-45a9-4640-9999-30bcb638be75">
    <data name="NextImageIndex">
      <value>0</value>
    </data>
  </step>
</counterdata>