﻿<?xml version="1.0" encoding="utf-8" standalone="yes"?>
<persistence><persistentitem id="8d8d9000-8100-4ac0-a845-8748dca57ab9">
  <Variable name="Calculator_AngleorXY" persistentState="Global" type="Matrox.DesignAssistant.Core.Flowcharts.Variable`1[[System.String, mscorlib, Version=4.0.0.0, Culture=neutral, PublicKeyToken=b77a5c561934e089]], Matrox.DesignAssistant.Core, Version=7.0.214.0, Culture=neutral, PublicKeyToken=726f03a4652993c7" linkedAssemblies="Matrox.DesignAssistant.Core, Version=7.0.214.0, Culture=neutral, PublicKeyToken=726f03a4652993c7" description="" typeName="String" id="8d8d9000-8100-4ac0-a845-8748dca57ab9" modificationid="3190d3b5-f0c3-4068-b2de-a81678d46eb0" Version="7.0.214.0">
    <inputs>
      <input name="InitialValue">
        <expression>
          <expression-string>StoredValue</expression-string>
        </expression>
      </input>
      <input name="ResetPoint">
        <expression>
          <expression-string>NeverReset</expression-string>
        </expression>
      </input>
    </inputs>
    <userXML />
  </Variable>
  <CurrentValue valueHasNotBeenSet="False" currentValue="XY" />
</persistentitem><persistentitem id="49b24bf3-fbc5-436d-98ab-d473f7e384a3">
  <Variable name="CCD5_X" persistentState="Global" type="Matrox.DesignAssistant.Core.Flowcharts.DoubleVariable, Matrox.DesignAssistant.Core, Version=7.0.214.0, Culture=neutral, PublicKeyToken=726f03a4652993c7" linkedAssemblies="Matrox.DesignAssistant.Core, Version=7.0.214.0, Culture=neutral, PublicKeyToken=726f03a4652993c7" description="" typeName="Numeric" id="49b24bf3-fbc5-436d-98ab-d473f7e384a3" modificationid="4b90856b-c2fd-4b3b-81e8-32e3c8e965ee" Version="7.0.214.0">
    <inputs>
      <input name="InitialValue">
        <expression>
          <expression-string>StoredValue</expression-string>
        </expression>
      </input>
      <input name="ResetPoint">
        <expression>
          <expression-string>NeverReset</expression-string>
        </expression>
      </input>
    </inputs>
    <userXML />
  </Variable>
  <CurrentValue valueHasNotBeenSet="False" currentValue="-89334.89639" />
</persistentitem><persistentitem id="4f6aafa5-75f0-4eae-b38b-b119fb16a092">
  <Variable name="CCD5_Y" persistentState="Global" type="Matrox.DesignAssistant.Core.Flowcharts.DoubleVariable, Matrox.DesignAssistant.Core, Version=7.0.214.0, Culture=neutral, PublicKeyToken=726f03a4652993c7" linkedAssemblies="Matrox.DesignAssistant.Core, Version=7.0.214.0, Culture=neutral, PublicKeyToken=726f03a4652993c7" description="" typeName="Numeric" id="4f6aafa5-75f0-4eae-b38b-b119fb16a092" modificationid="5a5b4fdc-e0d0-4b4d-bc8f-e191f1f47822" Version="7.0.214.0">
    <inputs>
      <input name="InitialValue">
        <expression>
          <expression-string>StoredValue</expression-string>
        </expression>
      </input>
      <input name="ResetPoint">
        <expression>
          <expression-string>NeverReset</expression-string>
        </expression>
      </input>
    </inputs>
    <userXML />
  </Variable>
  <CurrentValue valueHasNotBeenSet="False" currentValue="74985.94183" />
</persistentitem><persistentitem id="1be348d9-f466-4ab2-ac9e-7998d5030792">
  <Variable name="CCD6_X" persistentState="Global" type="Matrox.DesignAssistant.Core.Flowcharts.DoubleVariable, Matrox.DesignAssistant.Core, Version=7.0.214.0, Culture=neutral, PublicKeyToken=726f03a4652993c7" linkedAssemblies="Matrox.DesignAssistant.Core, Version=7.0.214.0, Culture=neutral, PublicKeyToken=726f03a4652993c7" description="" typeName="Numeric" id="1be348d9-f466-4ab2-ac9e-7998d5030792" modificationid="462b5ea0-acd1-4961-91b1-5aed830e6d64" Version="7.0.214.0">
    <inputs>
      <input name="InitialValue">
        <expression>
          <expression-string>StoredValue</expression-string>
        </expression>
      </input>
      <input name="ResetPoint">
        <expression>
          <expression-string>NeverReset</expression-string>
        </expression>
      </input>
    </inputs>
    <userXML />
  </Variable>
  <CurrentValue valueHasNotBeenSet="False" currentValue="83531.66534" />
</persistentitem><persistentitem id="535a2b38-24ff-4875-beef-b32e19d12108">
  <Variable name="CCD6_Y" persistentState="Global" type="Matrox.DesignAssistant.Core.Flowcharts.DoubleVariable, Matrox.DesignAssistant.Core, Version=7.0.214.0, Culture=neutral, PublicKeyToken=726f03a4652993c7" linkedAssemblies="Matrox.DesignAssistant.Core, Version=7.0.214.0, Culture=neutral, PublicKeyToken=726f03a4652993c7" description="" typeName="Numeric" id="535a2b38-24ff-4875-beef-b32e19d12108" modificationid="62b4c552-d53e-49d8-9edb-f14e84c6132d" Version="7.0.214.0">
    <inputs>
      <input name="InitialValue">
        <expression>
          <expression-string>StoredValue</expression-string>
        </expression>
      </input>
      <input name="ResetPoint">
        <expression>
          <expression-string>NeverReset</expression-string>
        </expression>
      </input>
    </inputs>
    <userXML />
  </Variable>
  <CurrentValue valueHasNotBeenSet="False" currentValue="76301.68389" />
</persistentitem><persistentitem id="218dabdb-49a5-4f41-ba94-46f0fb1bbebf">
  <Variable name="FINE_Command" persistentState="Global" type="Matrox.DesignAssistant.Core.Flowcharts.Variable`1[[System.String, mscorlib, Version=4.0.0.0, Culture=neutral, PublicKeyToken=b77a5c561934e089]], Matrox.DesignAssistant.Core, Version=7.0.214.0, Culture=neutral, PublicKeyToken=726f03a4652993c7" linkedAssemblies="Matrox.DesignAssistant.Core, Version=7.0.214.0, Culture=neutral, PublicKeyToken=726f03a4652993c7" description="" typeName="String" id="218dabdb-49a5-4f41-ba94-46f0fb1bbebf" modificationid="fed95114-365f-4f43-9c3c-6b8b9f001fc6" Version="7.0.214.0">
    <inputs>
      <input name="InitialValue">
        <expression>
          <expression-string>StoredValue</expression-string>
        </expression>
      </input>
      <input name="ResetPoint">
        <expression>
          <expression-string>NeverReset</expression-string>
        </expression>
      </input>
    </inputs>
    <userXML />
  </Variable>
  <CurrentValue valueHasNotBeenSet="False" currentValue="FINE1" />
</persistentitem><persistentitem id="46958f62-ff29-4c6e-aea0-8b09e597d839">
  <Variable name="FINE_Param1" persistentState="Global" type="Matrox.DesignAssistant.Core.Flowcharts.Variable`1[[System.String, mscorlib, Version=4.0.0.0, Culture=neutral, PublicKeyToken=b77a5c561934e089]], Matrox.DesignAssistant.Core, Version=7.0.214.0, Culture=neutral, PublicKeyToken=726f03a4652993c7" linkedAssemblies="Matrox.DesignAssistant.Core, Version=7.0.214.0, Culture=neutral, PublicKeyToken=726f03a4652993c7" description="" typeName="String" id="46958f62-ff29-4c6e-aea0-8b09e597d839" modificationid="63a5598d-859b-424b-bdb9-d02a28fc9f5f" Version="7.0.214.0">
    <inputs>
      <input name="InitialValue">
        <expression>
          <expression-string>StoredValue</expression-string>
        </expression>
      </input>
      <input name="ResetPoint">
        <expression>
          <expression-string>NeverReset</expression-string>
        </expression>
      </input>
    </inputs>
    <userXML />
  </Variable>
  <CurrentValue valueHasNotBeenSet="False" currentValue="" />
</persistentitem><persistentitem id="24a54fc7-db7a-41de-9a57-aef49e414478">
  <Variable name="FINE4_51_Display_Length" persistentState="Global" type="Matrox.DesignAssistant.Core.Flowcharts.ArrayVariable`1[[Matrox.DesignAssistant.Core.CommonTypes.ListWithMaxCount`1[[System.Double, mscorlib, Version=4.0.0.0, Culture=neutral, PublicKeyToken=b77a5c561934e089]], Matrox.DesignAssistant.Core, Version=7.0.214.0, Culture=neutral, PublicKeyToken=726f03a4652993c7]], Matrox.DesignAssistant.Core, Version=7.0.214.0, Culture=neutral, PublicKeyToken=726f03a4652993c7" linkedAssemblies="Matrox.DesignAssistant.Core, Version=7.0.214.0, Culture=neutral, PublicKeyToken=726f03a4652993c7" description="" typeName="Numeric array" maxCount="2147483647" id="24a54fc7-db7a-41de-9a57-aef49e414478" modificationid="aae4d59f-d5d4-4e3a-9cbb-c16d78d63700" Version="7.0.214.0">
    <inputs>
      <input name="InitialValue">
        <expression>
          <expression-string>Empty</expression-string>
        </expression>
      </input>
      <input name="ResetPoint">
        <expression>
          <expression-string>NeverReset</expression-string>
        </expression>
      </input>
    </inputs>
    <userXML />
  </Variable>
  <CurrentValue valueHasNotBeenSet="False" currentValue="Empty array" />
</persistentitem><persistentitem id="fb5da962-aea3-49e9-a901-93e9e422df5b">
  <Variable name="FINE4_51_Display_Mark" persistentState="Global" type="Matrox.DesignAssistant.Core.Flowcharts.ArrayVariable`1[[Matrox.DesignAssistant.Core.CommonTypes.ListWithMaxCount`1[[System.Double, mscorlib, Version=4.0.0.0, Culture=neutral, PublicKeyToken=b77a5c561934e089]], Matrox.DesignAssistant.Core, Version=7.0.214.0, Culture=neutral, PublicKeyToken=726f03a4652993c7]], Matrox.DesignAssistant.Core, Version=7.0.214.0, Culture=neutral, PublicKeyToken=726f03a4652993c7" linkedAssemblies="Matrox.DesignAssistant.Core, Version=7.0.214.0, Culture=neutral, PublicKeyToken=726f03a4652993c7" description="" typeName="Numeric array" maxCount="2147483647" id="fb5da962-aea3-49e9-a901-93e9e422df5b" modificationid="b802c652-58cc-46e4-b5e6-92a43c5d6993" Version="7.0.214.0">
    <inputs>
      <input name="InitialValue">
        <expression>
          <expression-string>Empty</expression-string>
        </expression>
      </input>
      <input name="ResetPoint">
        <expression>
          <expression-string>NeverReset</expression-string>
        </expression>
      </input>
    </inputs>
    <userXML />
  </Variable>
  <CurrentValue valueHasNotBeenSet="False" currentValue="Empty array" />
</persistentitem><persistentitem id="116c9e75-e1a6-46cd-9d76-73f9fd5261fb">
  <Variable name="FINE4_52_Display_Length" persistentState="Global" type="Matrox.DesignAssistant.Core.Flowcharts.ArrayVariable`1[[Matrox.DesignAssistant.Core.CommonTypes.ListWithMaxCount`1[[System.Double, mscorlib, Version=4.0.0.0, Culture=neutral, PublicKeyToken=b77a5c561934e089]], Matrox.DesignAssistant.Core, Version=7.0.214.0, Culture=neutral, PublicKeyToken=726f03a4652993c7]], Matrox.DesignAssistant.Core, Version=7.0.214.0, Culture=neutral, PublicKeyToken=726f03a4652993c7" linkedAssemblies="Matrox.DesignAssistant.Core, Version=7.0.214.0, Culture=neutral, PublicKeyToken=726f03a4652993c7" description="" typeName="Numeric array" maxCount="2147483647" id="116c9e75-e1a6-46cd-9d76-73f9fd5261fb" modificationid="0134fafd-c062-4b32-bd02-60d2b3e724c6" Version="7.0.214.0">
    <inputs>
      <input name="InitialValue">
        <expression>
          <expression-string>Empty</expression-string>
        </expression>
      </input>
      <input name="ResetPoint">
        <expression>
          <expression-string>NeverReset</expression-string>
        </expression>
      </input>
    </inputs>
    <userXML />
  </Variable>
  <CurrentValue valueHasNotBeenSet="False" currentValue="Empty array" />
</persistentitem><persistentitem id="40b58e79-63ec-43b9-935a-d6a640b404c1">
  <Variable name="FINE4_52_Display_Mark" persistentState="Global" type="Matrox.DesignAssistant.Core.Flowcharts.ArrayVariable`1[[Matrox.DesignAssistant.Core.CommonTypes.ListWithMaxCount`1[[System.Double, mscorlib, Version=4.0.0.0, Culture=neutral, PublicKeyToken=b77a5c561934e089]], Matrox.DesignAssistant.Core, Version=7.0.214.0, Culture=neutral, PublicKeyToken=726f03a4652993c7]], Matrox.DesignAssistant.Core, Version=7.0.214.0, Culture=neutral, PublicKeyToken=726f03a4652993c7" linkedAssemblies="Matrox.DesignAssistant.Core, Version=7.0.214.0, Culture=neutral, PublicKeyToken=726f03a4652993c7" description="" typeName="Numeric array" maxCount="2147483647" id="40b58e79-63ec-43b9-935a-d6a640b404c1" modificationid="4948a26b-edc2-4c3c-8093-bc5a29c78d65" Version="7.0.214.0">
    <inputs>
      <input name="InitialValue">
        <expression>
          <expression-string>Empty</expression-string>
        </expression>
      </input>
      <input name="ResetPoint">
        <expression>
          <expression-string>NeverReset</expression-string>
        </expression>
      </input>
    </inputs>
    <userXML />
  </Variable>
  <CurrentValue valueHasNotBeenSet="False" currentValue="Empty array" />
</persistentitem><persistentitem id="ec68dac7-23a6-43a6-aa34-1439cb7410f6">
  <Variable name="FINE4_53_Display_Length" persistentState="Global" type="Matrox.DesignAssistant.Core.Flowcharts.ArrayVariable`1[[Matrox.DesignAssistant.Core.CommonTypes.ListWithMaxCount`1[[System.Double, mscorlib, Version=4.0.0.0, Culture=neutral, PublicKeyToken=b77a5c561934e089]], Matrox.DesignAssistant.Core, Version=7.0.214.0, Culture=neutral, PublicKeyToken=726f03a4652993c7]], Matrox.DesignAssistant.Core, Version=7.0.214.0, Culture=neutral, PublicKeyToken=726f03a4652993c7" linkedAssemblies="Matrox.DesignAssistant.Core, Version=7.0.214.0, Culture=neutral, PublicKeyToken=726f03a4652993c7" description="" typeName="Numeric array" maxCount="2147483647" id="ec68dac7-23a6-43a6-aa34-1439cb7410f6" modificationid="4e771ee8-120b-4750-8971-4c2d62b80ef0" Version="7.0.214.0">
    <inputs>
      <input name="InitialValue">
        <expression>
          <expression-string>Empty</expression-string>
        </expression>
      </input>
      <input name="ResetPoint">
        <expression>
          <expression-string>NeverReset</expression-string>
        </expression>
      </input>
    </inputs>
    <userXML />
  </Variable>
  <CurrentValue valueHasNotBeenSet="False" currentValue="Empty array" />
</persistentitem><persistentitem id="2497dedd-d29a-4410-8fd3-2fad128ad3ef">
  <Variable name="FINE4_53_Display_Mark" persistentState="Global" type="Matrox.DesignAssistant.Core.Flowcharts.ArrayVariable`1[[Matrox.DesignAssistant.Core.CommonTypes.ListWithMaxCount`1[[System.Double, mscorlib, Version=4.0.0.0, Culture=neutral, PublicKeyToken=b77a5c561934e089]], Matrox.DesignAssistant.Core, Version=7.0.214.0, Culture=neutral, PublicKeyToken=726f03a4652993c7]], Matrox.DesignAssistant.Core, Version=7.0.214.0, Culture=neutral, PublicKeyToken=726f03a4652993c7" linkedAssemblies="Matrox.DesignAssistant.Core, Version=7.0.214.0, Culture=neutral, PublicKeyToken=726f03a4652993c7" description="" typeName="Numeric array" maxCount="2147483647" id="2497dedd-d29a-4410-8fd3-2fad128ad3ef" modificationid="044c10bc-a20c-4056-9ffd-bcde074db393" Version="7.0.214.0">
    <inputs>
      <input name="InitialValue">
        <expression>
          <expression-string>Empty</expression-string>
        </expression>
      </input>
      <input name="ResetPoint">
        <expression>
          <expression-string>NeverReset</expression-string>
        </expression>
      </input>
    </inputs>
    <userXML />
  </Variable>
  <CurrentValue valueHasNotBeenSet="False" currentValue="Empty array" />
</persistentitem><persistentitem id="c72062a0-8652-4c10-b01a-374a96110653">
  <Variable name="FINE4_54_Display_Length" persistentState="Global" type="Matrox.DesignAssistant.Core.Flowcharts.ArrayVariable`1[[Matrox.DesignAssistant.Core.CommonTypes.ListWithMaxCount`1[[System.Double, mscorlib, Version=4.0.0.0, Culture=neutral, PublicKeyToken=b77a5c561934e089]], Matrox.DesignAssistant.Core, Version=7.0.214.0, Culture=neutral, PublicKeyToken=726f03a4652993c7]], Matrox.DesignAssistant.Core, Version=7.0.214.0, Culture=neutral, PublicKeyToken=726f03a4652993c7" linkedAssemblies="Matrox.DesignAssistant.Core, Version=7.0.214.0, Culture=neutral, PublicKeyToken=726f03a4652993c7" description="" typeName="Numeric array" maxCount="2147483647" id="c72062a0-8652-4c10-b01a-374a96110653" modificationid="7cd8d234-adc6-4f53-9734-d13af8bad10b" Version="7.0.214.0">
    <inputs>
      <input name="InitialValue">
        <expression>
          <expression-string>Empty</expression-string>
        </expression>
      </input>
      <input name="ResetPoint">
        <expression>
          <expression-string>NeverReset</expression-string>
        </expression>
      </input>
    </inputs>
    <userXML />
  </Variable>
  <CurrentValue valueHasNotBeenSet="False" currentValue="Empty array" />
</persistentitem><persistentitem id="f72ffe6a-c9c2-403b-b521-f070a2c5c7cd">
  <Variable name="FINE4_54_Display_Mark" persistentState="Global" type="Matrox.DesignAssistant.Core.Flowcharts.ArrayVariable`1[[Matrox.DesignAssistant.Core.CommonTypes.ListWithMaxCount`1[[System.Double, mscorlib, Version=4.0.0.0, Culture=neutral, PublicKeyToken=b77a5c561934e089]], Matrox.DesignAssistant.Core, Version=7.0.214.0, Culture=neutral, PublicKeyToken=726f03a4652993c7]], Matrox.DesignAssistant.Core, Version=7.0.214.0, Culture=neutral, PublicKeyToken=726f03a4652993c7" linkedAssemblies="Matrox.DesignAssistant.Core, Version=7.0.214.0, Culture=neutral, PublicKeyToken=726f03a4652993c7" description="" typeName="Numeric array" maxCount="2147483647" id="f72ffe6a-c9c2-403b-b521-f070a2c5c7cd" modificationid="23a8fd7a-454d-4e5c-b76b-f5b8ec208ac6" Version="7.0.214.0">
    <inputs>
      <input name="InitialValue">
        <expression>
          <expression-string>Empty</expression-string>
        </expression>
      </input>
      <input name="ResetPoint">
        <expression>
          <expression-string>NeverReset</expression-string>
        </expression>
      </input>
    </inputs>
    <userXML />
  </Variable>
  <CurrentValue valueHasNotBeenSet="False" currentValue="Empty array" />
</persistentitem><persistentitem id="0548b910-9554-4ac8-b2de-72d9daff2753">
  <Variable name="FINE4_54_DisplayImage" persistentState="Global" type="Matrox.DesignAssistant.Core.Flowcharts.ImageVariable, Matrox.DesignAssistant.Core, Version=7.0.214.0, Culture=neutral, PublicKeyToken=726f03a4652993c7" linkedAssemblies="Matrox.DesignAssistant.Core, Version=7.0.214.0, Culture=neutral, PublicKeyToken=726f03a4652993c7" description="" typeName="Image" id="0548b910-9554-4ac8-b2de-72d9daff2753" modificationid="446b46da-bcb6-4d65-9860-142aa7737e8e" Version="7.0.214.0">
    <inputs>
      <input name="InitialValue">
        <expression>
          <expression-string>StoredValue</expression-string>
        </expression>
      </input>
      <input name="ResetPoint">
        <expression>
          <expression-string>NeverReset</expression-string>
        </expression>
      </input>
    </inputs>
    <userXML />
  </Variable>
  <CurrentValue valueHasNotBeenSet="False" currentValue="Image" />
</persistentitem><persistentitem id="f44b1538-83a5-410b-9d25-22c2474f21e1">
  <Variable name="FINE4_61_Display_Length" persistentState="Global" type="Matrox.DesignAssistant.Core.Flowcharts.ArrayVariable`1[[Matrox.DesignAssistant.Core.CommonTypes.ListWithMaxCount`1[[System.Double, mscorlib, Version=4.0.0.0, Culture=neutral, PublicKeyToken=b77a5c561934e089]], Matrox.DesignAssistant.Core, Version=7.0.214.0, Culture=neutral, PublicKeyToken=726f03a4652993c7]], Matrox.DesignAssistant.Core, Version=7.0.214.0, Culture=neutral, PublicKeyToken=726f03a4652993c7" linkedAssemblies="Matrox.DesignAssistant.Core, Version=7.0.214.0, Culture=neutral, PublicKeyToken=726f03a4652993c7" description="" typeName="Numeric array" maxCount="2147483647" id="f44b1538-83a5-410b-9d25-22c2474f21e1" modificationid="9c6b07af-4d7f-4740-abae-a33852b879fc" Version="7.0.214.0">
    <inputs>
      <input name="InitialValue">
        <expression>
          <expression-string>StoredValue</expression-string>
        </expression>
      </input>
      <input name="ResetPoint">
        <expression>
          <expression-string>NeverReset</expression-string>
        </expression>
      </input>
    </inputs>
    <userXML />
  </Variable>
  <CurrentValue valueHasNotBeenSet="False" currentValue="[(1) 1473.68, (2) 1227.35, (3) 1230.08]">
    <ArrayItem>1473.67832108347</ArrayItem>
    <ArrayItem>1227.34914888418</ArrayItem>
    <ArrayItem>1230.0750961452</ArrayItem>
  </CurrentValue>
</persistentitem><persistentitem id="f97b3ddc-8bcc-4f1b-8941-eb9040d73d57">
  <Variable name="FINE4_61_Display_Mark" persistentState="Global" type="Matrox.DesignAssistant.Core.Flowcharts.ArrayVariable`1[[Matrox.DesignAssistant.Core.CommonTypes.ListWithMaxCount`1[[System.Double, mscorlib, Version=4.0.0.0, Culture=neutral, PublicKeyToken=b77a5c561934e089]], Matrox.DesignAssistant.Core, Version=7.0.214.0, Culture=neutral, PublicKeyToken=726f03a4652993c7]], Matrox.DesignAssistant.Core, Version=7.0.214.0, Culture=neutral, PublicKeyToken=726f03a4652993c7" linkedAssemblies="Matrox.DesignAssistant.Core, Version=7.0.214.0, Culture=neutral, PublicKeyToken=726f03a4652993c7" description="" typeName="Numeric array" maxCount="2147483647" id="f97b3ddc-8bcc-4f1b-8941-eb9040d73d57" modificationid="b5248fa6-d4a0-4a24-982c-a69033abd41a" Version="7.0.214.0">
    <inputs>
      <input name="InitialValue">
        <expression>
          <expression-string>StoredValue</expression-string>
        </expression>
      </input>
      <input name="ResetPoint">
        <expression>
          <expression-string>NeverReset</expression-string>
        </expression>
      </input>
    </inputs>
    <userXML />
  </Variable>
  <CurrentValue valueHasNotBeenSet="False" currentValue="[(1) 2979.5, (2) 942.57, (3) 2977.13, (4) 2224.03, (5) 1909.87]">
    <ArrayItem>2979.50369141872</ArrayItem>
    <ArrayItem>942.569879810732</ArrayItem>
    <ArrayItem>2977.13330249609</ArrayItem>
    <ArrayItem>2224.02709712453</ArrayItem>
    <ArrayItem>1909.87317303159</ArrayItem>
  </CurrentValue>
</persistentitem><persistentitem id="eadcd5a9-6e4b-4ce6-b0c6-ec6be26fb8bc">
  <Variable name="FINE4_61_DisplayImage" persistentState="Global" type="Matrox.DesignAssistant.Core.Flowcharts.ImageVariable, Matrox.DesignAssistant.Core, Version=7.0.214.0, Culture=neutral, PublicKeyToken=726f03a4652993c7" linkedAssemblies="Matrox.DesignAssistant.Core, Version=7.0.214.0, Culture=neutral, PublicKeyToken=726f03a4652993c7" description="" typeName="Image" id="eadcd5a9-6e4b-4ce6-b0c6-ec6be26fb8bc" modificationid="7cd78532-80ed-4a13-a56b-b180c126b1af" Version="7.0.214.0">
    <inputs>
      <input name="InitialValue">
        <expression>
          <expression-string>StoredValue</expression-string>
        </expression>
      </input>
      <input name="ResetPoint">
        <expression>
          <expression-string>FlowchartStart</expression-string>
        </expression>
      </input>
    </inputs>
    <userXML />
  </Variable>
  <CurrentValue valueHasNotBeenSet="False" currentValue="Image" />
</persistentitem><persistentitem id="b18f821d-1c0d-4b36-b401-55f229f9e04e">
  <Variable name="FINE4_62_Display_Mark" persistentState="Global" type="Matrox.DesignAssistant.Core.Flowcharts.ArrayVariable`1[[Matrox.DesignAssistant.Core.CommonTypes.ListWithMaxCount`1[[System.Double, mscorlib, Version=4.0.0.0, Culture=neutral, PublicKeyToken=b77a5c561934e089]], Matrox.DesignAssistant.Core, Version=7.0.214.0, Culture=neutral, PublicKeyToken=726f03a4652993c7]], Matrox.DesignAssistant.Core, Version=7.0.214.0, Culture=neutral, PublicKeyToken=726f03a4652993c7" linkedAssemblies="Matrox.DesignAssistant.Core, Version=7.0.214.0, Culture=neutral, PublicKeyToken=726f03a4652993c7" description="" typeName="Numeric array" maxCount="2147483647" id="b18f821d-1c0d-4b36-b401-55f229f9e04e" modificationid="d796a39c-b9a7-4fc1-bbb8-ad9b75064ad1" Version="7.0.214.0">
    <inputs>
      <input name="InitialValue">
        <expression>
          <expression-string>StoredValue</expression-string>
        </expression>
      </input>
      <input name="ResetPoint">
        <expression>
          <expression-string>NeverReset</expression-string>
        </expression>
      </input>
    </inputs>
    <userXML />
  </Variable>
  <CurrentValue valueHasNotBeenSet="False" currentValue="[(1) 2773.5, (2) 967.169, (3) 1955.35, (4) 961.101, (5) 2364.42]">
    <ArrayItem>2773.49691294017</ArrayItem>
    <ArrayItem>967.168992045102</ArrayItem>
    <ArrayItem>1955.34586214494</ArrayItem>
    <ArrayItem>961.10080649496</ArrayItem>
    <ArrayItem>2364.42138754256</ArrayItem>
  </CurrentValue>
</persistentitem><persistentitem id="642755e4-ea07-4c0c-8ba3-9c45cd5d817e">
  <Variable name="FINE4_63_Display_Mark" persistentState="Global" type="Matrox.DesignAssistant.Core.Flowcharts.ArrayVariable`1[[Matrox.DesignAssistant.Core.CommonTypes.ListWithMaxCount`1[[System.Double, mscorlib, Version=4.0.0.0, Culture=neutral, PublicKeyToken=b77a5c561934e089]], Matrox.DesignAssistant.Core, Version=7.0.214.0, Culture=neutral, PublicKeyToken=726f03a4652993c7]], Matrox.DesignAssistant.Core, Version=7.0.214.0, Culture=neutral, PublicKeyToken=726f03a4652993c7" linkedAssemblies="Matrox.DesignAssistant.Core, Version=7.0.214.0, Culture=neutral, PublicKeyToken=726f03a4652993c7" description="" typeName="Numeric array" maxCount="2147483647" id="642755e4-ea07-4c0c-8ba3-9c45cd5d817e" modificationid="0437678e-6c1e-41cf-8868-597923e429ea" Version="7.0.214.0">
    <inputs>
      <input name="InitialValue">
        <expression>
          <expression-string>StoredValue</expression-string>
        </expression>
      </input>
      <input name="ResetPoint">
        <expression>
          <expression-string>NeverReset</expression-string>
        </expression>
      </input>
    </inputs>
    <userXML />
  </Variable>
  <CurrentValue valueHasNotBeenSet="False" currentValue="[(1) 2773.5, (2) 967.169, (3) 1955.35, (4) 961.101, (5) 2364.42]">
    <ArrayItem>2773.49691294017</ArrayItem>
    <ArrayItem>967.168992045102</ArrayItem>
    <ArrayItem>1955.34586214494</ArrayItem>
    <ArrayItem>961.10080649496</ArrayItem>
    <ArrayItem>2364.42138754256</ArrayItem>
  </CurrentValue>
</persistentitem><persistentitem id="df416ce2-11ee-40a3-aa5f-b3e689e447fc">
  <Variable name="FINE4_64_Display_Length" persistentState="Global" type="Matrox.DesignAssistant.Core.Flowcharts.ArrayVariable`1[[Matrox.DesignAssistant.Core.CommonTypes.ListWithMaxCount`1[[System.Double, mscorlib, Version=4.0.0.0, Culture=neutral, PublicKeyToken=b77a5c561934e089]], Matrox.DesignAssistant.Core, Version=7.0.214.0, Culture=neutral, PublicKeyToken=726f03a4652993c7]], Matrox.DesignAssistant.Core, Version=7.0.214.0, Culture=neutral, PublicKeyToken=726f03a4652993c7" linkedAssemblies="Matrox.DesignAssistant.Core, Version=7.0.214.0, Culture=neutral, PublicKeyToken=726f03a4652993c7" description="" typeName="Numeric array" maxCount="2147483647" id="df416ce2-11ee-40a3-aa5f-b3e689e447fc" modificationid="32f7761a-c025-4a4b-931e-8faa433f4fb6" Version="7.0.214.0">
    <inputs>
      <input name="InitialValue">
        <expression>
          <expression-string>StoredValue</expression-string>
        </expression>
      </input>
      <input name="ResetPoint">
        <expression>
          <expression-string>FlowchartStart</expression-string>
        </expression>
      </input>
    </inputs>
    <userXML />
  </Variable>
  <CurrentValue valueHasNotBeenSet="False" currentValue="[(1) 1036.87, (2) 3.49628]">
    <ArrayItem>1036.8657891824</ArrayItem>
    <ArrayItem>3.49628159303153</ArrayItem>
  </CurrentValue>
</persistentitem><persistentitem id="d4f210a7-ceaa-4878-8fde-ba72afb9812e">
  <Variable name="FINE4_64_Display_Mark" persistentState="Global" type="Matrox.DesignAssistant.Core.Flowcharts.ArrayVariable`1[[Matrox.DesignAssistant.Core.CommonTypes.ListWithMaxCount`1[[System.Double, mscorlib, Version=4.0.0.0, Culture=neutral, PublicKeyToken=b77a5c561934e089]], Matrox.DesignAssistant.Core, Version=7.0.214.0, Culture=neutral, PublicKeyToken=726f03a4652993c7]], Matrox.DesignAssistant.Core, Version=7.0.214.0, Culture=neutral, PublicKeyToken=726f03a4652993c7" linkedAssemblies="Matrox.DesignAssistant.Core, Version=7.0.214.0, Culture=neutral, PublicKeyToken=726f03a4652993c7" description="" typeName="Numeric array" maxCount="2147483647" id="d4f210a7-ceaa-4878-8fde-ba72afb9812e" modificationid="911aceae-03f3-4adc-9f05-2b8e7dbb6679" Version="7.0.214.0">
    <inputs>
      <input name="InitialValue">
        <expression>
          <expression-string>StoredValue</expression-string>
        </expression>
      </input>
      <input name="ResetPoint">
        <expression>
          <expression-string>NeverReset</expression-string>
        </expression>
      </input>
    </inputs>
    <userXML />
  </Variable>
  <CurrentValue valueHasNotBeenSet="False" currentValue="[(1) 3118.71, (2) 1155.37, (3) 2217.09, (4) 1158.41, (5) 2667.9]">
    <ArrayItem>3118.71419073879</ArrayItem>
    <ArrayItem>1155.37436706328</ArrayItem>
    <ArrayItem>2217.09176536279</ArrayItem>
    <ArrayItem>1158.41461192678</ArrayItem>
    <ArrayItem>2667.90297805079</ArrayItem>
  </CurrentValue>
</persistentitem><persistentitem id="28bb34d2-0ebc-46c4-8336-39fde038cdcf">
  <Variable name="IsStart" persistentState="Global" type="Matrox.DesignAssistant.Core.Flowcharts.Variable`1[[System.Boolean, mscorlib, Version=4.0.0.0, Culture=neutral, PublicKeyToken=b77a5c561934e089]], Matrox.DesignAssistant.Core, Version=7.0.214.0, Culture=neutral, PublicKeyToken=726f03a4652993c7" linkedAssemblies="Matrox.DesignAssistant.Core, Version=7.0.214.0, Culture=neutral, PublicKeyToken=726f03a4652993c7" description="" typeName="Boolean" id="28bb34d2-0ebc-46c4-8336-39fde038cdcf" modificationid="8d999489-f951-4de5-ae36-031bd2d39104" Version="7.0.214.0">
    <inputs>
      <input name="InitialValue">
        <expression>
          <expression-string>StoredValue</expression-string>
        </expression>
      </input>
      <input name="ResetPoint">
        <expression>
          <expression-string>NeverReset</expression-string>
        </expression>
      </input>
    </inputs>
    <userXML />
  </Variable>
  <CurrentValue valueHasNotBeenSet="False" currentValue="True" />
</persistentitem><persistentitem id="fcdd4be0-d18f-4146-a312-a2fb221501a4">
  <Variable name="Mark_length_pixel" persistentState="Global" type="Matrox.DesignAssistant.Core.Flowcharts.DoubleVariable, Matrox.DesignAssistant.Core, Version=7.0.214.0, Culture=neutral, PublicKeyToken=726f03a4652993c7" linkedAssemblies="Matrox.DesignAssistant.Core, Version=7.0.214.0, Culture=neutral, PublicKeyToken=726f03a4652993c7" description="" typeName="Numeric" id="fcdd4be0-d18f-4146-a312-a2fb221501a4" modificationid="c14fef3a-3229-43f4-a47d-3dadbfc27885" Version="7.0.214.0">
    <inputs>
      <input name="InitialValue">
        <expression>
          <expression-string>StoredValue</expression-string>
        </expression>
      </input>
      <input name="ResetPoint">
        <expression>
          <expression-string>NeverReset</expression-string>
        </expression>
      </input>
    </inputs>
    <userXML />
  </Variable>
  <CurrentValue valueHasNotBeenSet="False" currentValue="260" />
</persistentitem><persistentitem id="5fb4f14a-7cee-494b-b14d-093cd2f6be6a">
  <Variable name="Mark_Pitch" persistentState="Global" type="Matrox.DesignAssistant.Core.Flowcharts.DoubleVariable, Matrox.DesignAssistant.Core, Version=7.0.214.0, Culture=neutral, PublicKeyToken=726f03a4652993c7" linkedAssemblies="Matrox.DesignAssistant.Core, Version=7.0.214.0, Culture=neutral, PublicKeyToken=726f03a4652993c7" description="" typeName="Numeric" id="5fb4f14a-7cee-494b-b14d-093cd2f6be6a" modificationid="860d136e-9fac-4f77-91b3-fcace35ed3ff" Version="7.0.214.0">
    <inputs>
      <input name="InitialValue">
        <expression>
          <expression-string>StoredValue</expression-string>
        </expression>
      </input>
      <input name="ResetPoint">
        <expression>
          <expression-string>NeverReset</expression-string>
        </expression>
      </input>
    </inputs>
    <userXML />
  </Variable>
  <CurrentValue valueHasNotBeenSet="False" currentValue="1.75636227240362" />
</persistentitem><persistentitem id="be0e05c7-02e5-455d-8295-6e4276242a55">
  <Variable name="Output_DeltaAngle" persistentState="Global" type="Matrox.DesignAssistant.Core.Flowcharts.DoubleVariable, Matrox.DesignAssistant.Core, Version=7.0.214.0, Culture=neutral, PublicKeyToken=726f03a4652993c7" linkedAssemblies="Matrox.DesignAssistant.Core, Version=7.0.214.0, Culture=neutral, PublicKeyToken=726f03a4652993c7" description="" typeName="Numeric" id="be0e05c7-02e5-455d-8295-6e4276242a55" modificationid="8c486504-99d0-4afb-a10e-31949d36e983" Version="7.0.214.0">
    <inputs>
      <input name="InitialValue">
        <expression>
          <expression-string>StoredValue</expression-string>
        </expression>
      </input>
      <input name="ResetPoint">
        <expression>
          <expression-string>NeverReset</expression-string>
        </expression>
      </input>
    </inputs>
    <userXML />
  </Variable>
  <CurrentValue valueHasNotBeenSet="False" currentValue="0" />
</persistentitem><persistentitem id="81605a67-4e77-4bcb-823f-02c77f0d868b">
  <Variable name="Output_DeltaX" persistentState="Global" type="Matrox.DesignAssistant.Core.Flowcharts.DoubleVariable, Matrox.DesignAssistant.Core, Version=7.0.214.0, Culture=neutral, PublicKeyToken=726f03a4652993c7" linkedAssemblies="Matrox.DesignAssistant.Core, Version=7.0.214.0, Culture=neutral, PublicKeyToken=726f03a4652993c7" description="" typeName="Numeric" id="81605a67-4e77-4bcb-823f-02c77f0d868b" modificationid="d260f0bb-8484-45c5-8d17-bd80011d97ef" Version="7.0.214.0">
    <inputs>
      <input name="InitialValue">
        <expression>
          <expression-string>StoredValue</expression-string>
        </expression>
      </input>
      <input name="ResetPoint">
        <expression>
          <expression-string>NeverReset</expression-string>
        </expression>
      </input>
    </inputs>
    <userXML />
  </Variable>
  <CurrentValue valueHasNotBeenSet="False" currentValue="0.00369638827563463" />
</persistentitem><persistentitem id="eb41c711-f02f-4bf9-bbdb-472967f480a4">
  <Variable name="Output_DeltaY" persistentState="Global" type="Matrox.DesignAssistant.Core.Flowcharts.DoubleVariable, Matrox.DesignAssistant.Core, Version=7.0.214.0, Culture=neutral, PublicKeyToken=726f03a4652993c7" linkedAssemblies="Matrox.DesignAssistant.Core, Version=7.0.214.0, Culture=neutral, PublicKeyToken=726f03a4652993c7" description="" typeName="Numeric" id="eb41c711-f02f-4bf9-bbdb-472967f480a4" modificationid="59fece5a-e0f4-4563-bba4-edabe6ca4313" Version="7.0.214.0">
    <inputs>
      <input name="InitialValue">
        <expression>
          <expression-string>StoredValue</expression-string>
        </expression>
      </input>
      <input name="ResetPoint">
        <expression>
          <expression-string>NeverReset</expression-string>
        </expression>
      </input>
    </inputs>
    <userXML />
  </Variable>
  <CurrentValue valueHasNotBeenSet="False" currentValue="0.00219513798586593" />
</persistentitem><persistentitem id="2018ed1d-f226-4069-a18a-f1e66135d2bd">
  <Variable name="Stage_Edge" persistentState="Global" type="Matrox.DesignAssistant.Core.Flowcharts.ArrayVariable`1[[Matrox.DesignAssistant.Core.CommonTypes.ListWithMaxCount`1[[System.Double, mscorlib, Version=4.0.0.0, Culture=neutral, PublicKeyToken=b77a5c561934e089]], Matrox.DesignAssistant.Core, Version=7.0.214.0, Culture=neutral, PublicKeyToken=726f03a4652993c7]], Matrox.DesignAssistant.Core, Version=7.0.214.0, Culture=neutral, PublicKeyToken=726f03a4652993c7" linkedAssemblies="Matrox.DesignAssistant.Core, Version=7.0.214.0, Culture=neutral, PublicKeyToken=726f03a4652993c7" description="" typeName="Numeric array" maxCount="2147483647" id="2018ed1d-f226-4069-a18a-f1e66135d2bd" modificationid="7744e435-3783-4383-9769-d72b1db97800" Version="7.0.214.0">
    <inputs>
      <input name="InitialValue">
        <expression>
          <expression-string>StoredValue</expression-string>
        </expression>
      </input>
      <input name="ResetPoint">
        <expression>
          <expression-string>NeverReset</expression-string>
        </expression>
      </input>
    </inputs>
    <userXML />
  </Variable>
  <CurrentValue valueHasNotBeenSet="False" currentValue="[(1) 2053.13, (2) 1496.46]">
    <ArrayItem>2053.12595673877</ArrayItem>
    <ArrayItem>1496.46354512276</ArrayItem>
  </CurrentValue>
</persistentitem><persistentitem id="07996a8c-5782-4b6b-8d81-e53575f4b488">
  <Variable name="Store_FINE1_CCD5Angle0" persistentState="Global" type="Matrox.DesignAssistant.Core.Flowcharts.ArrayVariable`1[[Matrox.DesignAssistant.Core.CommonTypes.ListWithMaxCount`1[[System.Double, mscorlib, Version=4.0.0.0, Culture=neutral, PublicKeyToken=b77a5c561934e089]], Matrox.DesignAssistant.Core, Version=7.0.214.0, Culture=neutral, PublicKeyToken=726f03a4652993c7]], Matrox.DesignAssistant.Core, Version=7.0.214.0, Culture=neutral, PublicKeyToken=726f03a4652993c7" linkedAssemblies="Matrox.DesignAssistant.Core, Version=7.0.214.0, Culture=neutral, PublicKeyToken=726f03a4652993c7" description="" typeName="Numeric array" maxCount="2147483647" id="07996a8c-5782-4b6b-8d81-e53575f4b488" modificationid="1fd56192-840f-4479-8aa1-c6920cd174ac" Version="7.0.214.0">
    <inputs>
      <input name="InitialValue">
        <expression>
          <expression-string>StoredValue</expression-string>
        </expression>
      </input>
      <input name="ResetPoint">
        <expression>
          <expression-string>NeverReset</expression-string>
        </expression>
      </input>
    </inputs>
    <userXML />
  </Variable>
  <CurrentValue valueHasNotBeenSet="False" currentValue="[(1) 1990.83, (2) 2377.79]">
    <ArrayItem>1990.83</ArrayItem>
    <ArrayItem>2377.79</ArrayItem>
  </CurrentValue>
</persistentitem><persistentitem id="4a8bb5fa-ec40-46bd-81c9-ce3a2ee5c1e0">
  <Variable name="Store_FINE1_CCD5AnyAngle" persistentState="Global" type="Matrox.DesignAssistant.Core.Flowcharts.ArrayVariable`1[[Matrox.DesignAssistant.Core.CommonTypes.ListWithMaxCount`1[[System.Double, mscorlib, Version=4.0.0.0, Culture=neutral, PublicKeyToken=b77a5c561934e089]], Matrox.DesignAssistant.Core, Version=7.0.214.0, Culture=neutral, PublicKeyToken=726f03a4652993c7]], Matrox.DesignAssistant.Core, Version=7.0.214.0, Culture=neutral, PublicKeyToken=726f03a4652993c7" linkedAssemblies="Matrox.DesignAssistant.Core, Version=7.0.214.0, Culture=neutral, PublicKeyToken=726f03a4652993c7" description="" typeName="Numeric array" maxCount="2147483647" id="4a8bb5fa-ec40-46bd-81c9-ce3a2ee5c1e0" modificationid="393421ff-260e-44cd-9441-943d596317fa" Version="7.0.214.0">
    <inputs>
      <input name="InitialValue">
        <expression>
          <expression-string>StoredValue</expression-string>
        </expression>
      </input>
      <input name="ResetPoint">
        <expression>
          <expression-string>NeverReset</expression-string>
        </expression>
      </input>
    </inputs>
    <userXML />
  </Variable>
  <CurrentValue valueHasNotBeenSet="False" currentValue="[(1) 1554.25, (2) 1956.21]">
    <ArrayItem>1554.25425357113</ArrayItem>
    <ArrayItem>1956.20911278076</ArrayItem>
  </CurrentValue>
</persistentitem><persistentitem id="a109fde3-3d0e-4168-ae2a-bf37ab0a872c">
  <Variable name="Store_FINE1_CCD6Angle0" persistentState="Global" type="Matrox.DesignAssistant.Core.Flowcharts.ArrayVariable`1[[Matrox.DesignAssistant.Core.CommonTypes.ListWithMaxCount`1[[System.Double, mscorlib, Version=4.0.0.0, Culture=neutral, PublicKeyToken=b77a5c561934e089]], Matrox.DesignAssistant.Core, Version=7.0.214.0, Culture=neutral, PublicKeyToken=726f03a4652993c7]], Matrox.DesignAssistant.Core, Version=7.0.214.0, Culture=neutral, PublicKeyToken=726f03a4652993c7" linkedAssemblies="Matrox.DesignAssistant.Core, Version=7.0.214.0, Culture=neutral, PublicKeyToken=726f03a4652993c7" description="" typeName="Numeric array" maxCount="2147483647" id="a109fde3-3d0e-4168-ae2a-bf37ab0a872c" modificationid="c11c732b-72b4-4278-962c-9b3bc6a20433" Version="7.0.214.0">
    <inputs>
      <input name="InitialValue">
        <expression>
          <expression-string>StoredValue</expression-string>
        </expression>
      </input>
      <input name="ResetPoint">
        <expression>
          <expression-string>NeverReset</expression-string>
        </expression>
      </input>
    </inputs>
    <userXML />
  </Variable>
  <CurrentValue valueHasNotBeenSet="False" currentValue="[(1) 2063.64, (2) 2379.12]">
    <ArrayItem>2063.64</ArrayItem>
    <ArrayItem>2379.12</ArrayItem>
  </CurrentValue>
</persistentitem><persistentitem id="ebf7e61b-89c1-4cd9-b029-34cfd9e2e323">
  <Variable name="Store_FINE1_CCD6AnyAngle" persistentState="Global" type="Matrox.DesignAssistant.Core.Flowcharts.ArrayVariable`1[[Matrox.DesignAssistant.Core.CommonTypes.ListWithMaxCount`1[[System.Double, mscorlib, Version=4.0.0.0, Culture=neutral, PublicKeyToken=b77a5c561934e089]], Matrox.DesignAssistant.Core, Version=7.0.214.0, Culture=neutral, PublicKeyToken=726f03a4652993c7]], Matrox.DesignAssistant.Core, Version=7.0.214.0, Culture=neutral, PublicKeyToken=726f03a4652993c7" linkedAssemblies="Matrox.DesignAssistant.Core, Version=7.0.214.0, Culture=neutral, PublicKeyToken=726f03a4652993c7" description="" typeName="Numeric array" maxCount="2147483647" id="ebf7e61b-89c1-4cd9-b029-34cfd9e2e323" modificationid="e54f75cb-851c-4e0a-81a0-d97fedf3b388" Version="7.0.214.0">
    <inputs>
      <input name="InitialValue">
        <expression>
          <expression-string>StoredValue</expression-string>
        </expression>
      </input>
      <input name="ResetPoint">
        <expression>
          <expression-string>NeverReset</expression-string>
        </expression>
      </input>
    </inputs>
    <userXML />
  </Variable>
  <CurrentValue valueHasNotBeenSet="False" currentValue="[(1) 1554.25, (2) 1956.21]">
    <ArrayItem>1554.25425357113</ArrayItem>
    <ArrayItem>1956.20911278076</ArrayItem>
  </CurrentValue>
</persistentitem><persistentitem id="ad01cf93-ea3c-4f77-967b-63d167c4ba53">
  <Variable name="Store_FINE3_CCD5AnyAngle" persistentState="Global" type="Matrox.DesignAssistant.Core.Flowcharts.ArrayVariable`1[[Matrox.DesignAssistant.Core.CommonTypes.ListWithMaxCount`1[[System.Double, mscorlib, Version=4.0.0.0, Culture=neutral, PublicKeyToken=b77a5c561934e089]], Matrox.DesignAssistant.Core, Version=7.0.214.0, Culture=neutral, PublicKeyToken=726f03a4652993c7]], Matrox.DesignAssistant.Core, Version=7.0.214.0, Culture=neutral, PublicKeyToken=726f03a4652993c7" linkedAssemblies="Matrox.DesignAssistant.Core, Version=7.0.214.0, Culture=neutral, PublicKeyToken=726f03a4652993c7" description="" typeName="Numeric array" maxCount="2147483647" id="ad01cf93-ea3c-4f77-967b-63d167c4ba53" modificationid="4f9c96cc-c8c8-43c2-9f19-1bbd0cf57a35" Version="7.0.214.0">
    <inputs>
      <input name="InitialValue">
        <expression>
          <expression-string>StoredValue</expression-string>
        </expression>
      </input>
      <input name="ResetPoint">
        <expression>
          <expression-string>FlowchartStart</expression-string>
        </expression>
      </input>
    </inputs>
    <userXML />
  </Variable>
  <CurrentValue valueHasNotBeenSet="False" currentValue="[(1) 1043, (2) 1889.83]">
    <ArrayItem>1042.99675177018</ArrayItem>
    <ArrayItem>1889.82941452304</ArrayItem>
  </CurrentValue>
</persistentitem><persistentitem id="ee8eb358-c7d1-445c-8391-4bf7fa2b6790">
  <Variable name="Store_FINE3_CCD6AnyAngle" persistentState="Global" type="Matrox.DesignAssistant.Core.Flowcharts.ArrayVariable`1[[Matrox.DesignAssistant.Core.CommonTypes.ListWithMaxCount`1[[System.Double, mscorlib, Version=4.0.0.0, Culture=neutral, PublicKeyToken=b77a5c561934e089]], Matrox.DesignAssistant.Core, Version=7.0.214.0, Culture=neutral, PublicKeyToken=726f03a4652993c7]], Matrox.DesignAssistant.Core, Version=7.0.214.0, Culture=neutral, PublicKeyToken=726f03a4652993c7" linkedAssemblies="Matrox.DesignAssistant.Core, Version=7.0.214.0, Culture=neutral, PublicKeyToken=726f03a4652993c7" description="" typeName="Numeric array" maxCount="2147483647" id="ee8eb358-c7d1-445c-8391-4bf7fa2b6790" modificationid="2e91ef13-e25f-4c43-a21d-3e11e11930bc" Version="7.0.214.0">
    <inputs>
      <input name="InitialValue">
        <expression>
          <expression-string>StoredValue</expression-string>
        </expression>
      </input>
      <input name="ResetPoint">
        <expression>
          <expression-string>NeverReset</expression-string>
        </expression>
      </input>
    </inputs>
    <userXML />
  </Variable>
  <CurrentValue valueHasNotBeenSet="False" currentValue="[(1) 1043, (2) 1889.83]">
    <ArrayItem>1042.99675177018</ArrayItem>
    <ArrayItem>1889.82941452304</ArrayItem>
  </CurrentValue>
</persistentitem><persistentitem id="0cd7cc85-37ba-40cb-b352-52cfd3bd63be">
  <Variable name="Store_PreMark" persistentState="Global" type="Matrox.DesignAssistant.Core.Flowcharts.ArrayVariable`1[[Matrox.DesignAssistant.Core.CommonTypes.ListWithMaxCount`1[[System.Double, mscorlib, Version=4.0.0.0, Culture=neutral, PublicKeyToken=b77a5c561934e089]], Matrox.DesignAssistant.Core, Version=7.0.214.0, Culture=neutral, PublicKeyToken=726f03a4652993c7]], Matrox.DesignAssistant.Core, Version=7.0.214.0, Culture=neutral, PublicKeyToken=726f03a4652993c7" linkedAssemblies="Matrox.DesignAssistant.Core, Version=7.0.214.0, Culture=neutral, PublicKeyToken=726f03a4652993c7" description="" typeName="Numeric array" maxCount="2147483647" id="0cd7cc85-37ba-40cb-b352-52cfd3bd63be" modificationid="3dde22a4-16ca-42f2-854e-805abe9fdc45" Version="7.0.214.0">
    <inputs>
      <input name="InitialValue">
        <expression>
          <expression-string>StoredValue</expression-string>
        </expression>
      </input>
      <input name="ResetPoint">
        <expression>
          <expression-string>NeverReset</expression-string>
        </expression>
      </input>
    </inputs>
    <userXML />
  </Variable>
  <CurrentValue valueHasNotBeenSet="False" currentValue="[(1) 1557.47, (2) 681.161]">
    <ArrayItem>1557.46850424559</ArrayItem>
    <ArrayItem>681.161406681514</ArrayItem>
  </CurrentValue>
</persistentitem><persistentitem id="c1090caa-82d5-415d-b331-9a6e93895321" milstreamsdirname="MILStreams\MainFlowchart" milstreamfilenameprefix="Status2">
  <step name="Status2" persistentState="Global" type="Matrox.DesignAssistant.Core.Flowcharts.StatusStep.Status, Matrox.DesignAssistant.Core, Version=7.0.214.0, Culture=neutral, PublicKeyToken=726f03a4652993c7" id="c1090caa-82d5-415d-b331-9a6e93895321" modificationid="4add2add-5957-4424-9280-099965a741ac" Version="7.0.214.0">
    <inputs>
      <input name="AssociatedStatusStep">
        <expression>
          <expression-string>Flowcharts("MainFlowchart").Status</expression-string>
        </expression>
      </input>
      <input name="Comment">
        <expression>
          <expression-string></expression-string>
        </expression>
      </input>
      <objectCollection name="Conditions" type="Matrox.DesignAssistant.Core.Flowcharts.StatusStep.StatusConditionsCollection, Matrox.DesignAssistant.Core, Version=7.0.214.0, Culture=neutral, PublicKeyToken=726f03a4652993c7" id="4a38d6c7-0987-48ce-8eb5-73a105ff4e6a" Version="7.0.214.0">
        <expression>
          <expression-string></expression-string>
        </expression>
        <collectionItems />
        <userXML />
      </objectCollection>
      <input name="CreateAutomaticLabels">
        <expression>
          <expression-string>True</expression-string>
        </expression>
      </input>
      <subObject name="ErrorCaughtInspectionLabel" type="Matrox.DesignAssistant.Core.Projects.BaseLabel, Matrox.DesignAssistant.Core, Version=7.0.214.0, Culture=neutral, PublicKeyToken=726f03a4652993c7" id="674dc697-e97c-4dcc-aef7-0a70b55548b6" Version="7.0.214.0">
        <expression>
          <expression-string></expression-string>
        </expression>
        <inputs>
          <input name="Background">
            <expression>
              <expression-string>-65536</expression-string>
            </expression>
          </input>
          <input name="Condition">
            <expression>
              <expression-string need-link-container="True">Status2.ErrorCaught=True</expression-string>
            </expression>
          </input>
          <input name="DesignTimeVisible">
            <expression>
              <expression-string>True</expression-string>
            </expression>
          </input>
          <input name="Foreground">
            <expression>
              <expression-string>-1</expression-string>
            </expression>
          </input>
          <input name="RuntimeVisible">
            <expression>
              <expression-string>True</expression-string>
            </expression>
          </input>
          <input name="Type">
            <expression>
              <expression-string>StatusCondition</expression-string>
            </expression>
          </input>
          <input name="Value">
            <expression>
              <expression-string>None</expression-string>
            </expression>
          </input>
        </inputs>
        <userXML>
          <AutomaticName>Status2_ErrorCaught</AutomaticName>
        </userXML>
      </subObject>
      <subObject name="FailInspectionLabel" type="Matrox.DesignAssistant.Core.Projects.BaseLabel, Matrox.DesignAssistant.Core, Version=7.0.214.0, Culture=neutral, PublicKeyToken=726f03a4652993c7" id="53cadecc-fd42-45c7-af5c-7c001d060dfe" Version="7.0.214.0">
        <expression>
          <expression-string></expression-string>
        </expression>
        <inputs>
          <input name="Background">
            <expression>
              <expression-string>-65536</expression-string>
            </expression>
          </input>
          <input name="Condition">
            <expression>
              <expression-string need-link-container="True">Status2.Result=Fail</expression-string>
            </expression>
          </input>
          <input name="DesignTimeVisible">
            <expression>
              <expression-string>True</expression-string>
            </expression>
          </input>
          <input name="Foreground">
            <expression>
              <expression-string>-1</expression-string>
            </expression>
          </input>
          <input name="RuntimeVisible">
            <expression>
              <expression-string>True</expression-string>
            </expression>
          </input>
          <input name="Type">
            <expression>
              <expression-string>StatusCondition</expression-string>
            </expression>
          </input>
          <input name="Value">
            <expression>
              <expression-string>None</expression-string>
            </expression>
          </input>
        </inputs>
        <userXML>
          <AutomaticName>Status2_Fail</AutomaticName>
        </userXML>
      </subObject>
      <subObject name="PassInspectionLabel" type="Matrox.DesignAssistant.Core.Projects.BaseLabel, Matrox.DesignAssistant.Core, Version=7.0.214.0, Culture=neutral, PublicKeyToken=726f03a4652993c7" id="d6ed69e7-78e5-4373-8617-598e284aeae3" Version="7.0.214.0">
        <expression>
          <expression-string></expression-string>
        </expression>
        <inputs>
          <input name="Background">
            <expression>
              <expression-string>-16744448</expression-string>
            </expression>
          </input>
          <input name="Condition">
            <expression>
              <expression-string need-link-container="True">Status2.Result=Pass</expression-string>
            </expression>
          </input>
          <input name="DesignTimeVisible">
            <expression>
              <expression-string>True</expression-string>
            </expression>
          </input>
          <input name="Foreground">
            <expression>
              <expression-string>-1</expression-string>
            </expression>
          </input>
          <input name="RuntimeVisible">
            <expression>
              <expression-string>True</expression-string>
            </expression>
          </input>
          <input name="Type">
            <expression>
              <expression-string>StatusCondition</expression-string>
            </expression>
          </input>
          <input name="Value">
            <expression>
              <expression-string>None</expression-string>
            </expression>
          </input>
        </inputs>
        <userXML>
          <AutomaticName>Status2_Pass</AutomaticName>
        </userXML>
      </subObject>
      <input name="ResetPoint">
        <expression>
          <expression-string>InspectionStart</expression-string>
        </expression>
      </input>
      <input name="Suspended">
        <expression>
          <expression-string>False</expression-string>
        </expression>
      </input>
    </inputs>
    <userXML />
  </step>
</persistentitem><persistentitem id="71e193f2-7f74-459b-809b-189a7303ed77" milstreamsdirname="MILStreams\MainFlowchart" milstreamfilenameprefix="Status">
  <step name="Status" persistentState="Global" type="Matrox.DesignAssistant.Core.Flowcharts.StatusStep.Status, Matrox.DesignAssistant.Core, Version=7.0.214.0, Culture=neutral, PublicKeyToken=726f03a4652993c7" id="71e193f2-7f74-459b-809b-189a7303ed77" modificationid="adfdd6f8-147e-46df-8f94-5d3572905370" Version="7.0.214.0">
    <inputs>
      <input name="AssociatedStatusStep">
        <expression>
          <expression-string>None</expression-string>
        </expression>
      </input>
      <input name="Comment">
        <expression>
          <expression-string></expression-string>
        </expression>
      </input>
      <objectCollection name="Conditions" type="Matrox.DesignAssistant.Core.Flowcharts.StatusStep.StatusConditionsCollection, Matrox.DesignAssistant.Core, Version=7.0.214.0, Culture=neutral, PublicKeyToken=726f03a4652993c7" id="9c1472b9-b3bd-4fba-84a1-9ad4ac87bfc3" Version="7.0.214.0">
        <expression>
          <expression-string></expression-string>
        </expression>
        <collectionItems />
        <userXML />
      </objectCollection>
      <input name="CreateAutomaticLabels">
        <expression>
          <expression-string>True</expression-string>
        </expression>
      </input>
      <subObject name="ErrorCaughtInspectionLabel" type="Matrox.DesignAssistant.Core.Projects.BaseLabel, Matrox.DesignAssistant.Core, Version=7.0.214.0, Culture=neutral, PublicKeyToken=726f03a4652993c7" id="1cddea4a-0f03-4830-ba15-edb7f899d50d" Version="7.0.214.0">
        <expression>
          <expression-string></expression-string>
        </expression>
        <inputs>
          <input name="Background">
            <expression>
              <expression-string>-65536</expression-string>
            </expression>
          </input>
          <input name="Condition">
            <expression>
              <expression-string need-link-container="True">Status.ErrorCaught=True</expression-string>
            </expression>
          </input>
          <input name="DesignTimeVisible">
            <expression>
              <expression-string>True</expression-string>
            </expression>
          </input>
          <input name="Foreground">
            <expression>
              <expression-string>-1</expression-string>
            </expression>
          </input>
          <input name="RuntimeVisible">
            <expression>
              <expression-string>True</expression-string>
            </expression>
          </input>
          <input name="Type">
            <expression>
              <expression-string>StatusCondition</expression-string>
            </expression>
          </input>
          <input name="Value">
            <expression>
              <expression-string>None</expression-string>
            </expression>
          </input>
        </inputs>
        <userXML>
          <AutomaticName>ErrorCaught</AutomaticName>
        </userXML>
      </subObject>
      <subObject name="FailInspectionLabel" type="Matrox.DesignAssistant.Core.Projects.BaseLabel, Matrox.DesignAssistant.Core, Version=7.0.214.0, Culture=neutral, PublicKeyToken=726f03a4652993c7" id="d49846b5-529e-4b9d-afa6-4a89162455f2" Version="7.0.214.0">
        <expression>
          <expression-string></expression-string>
        </expression>
        <inputs>
          <input name="Background">
            <expression>
              <expression-string>-65536</expression-string>
            </expression>
          </input>
          <input name="Condition">
            <expression>
              <expression-string need-link-container="True">Status.Result=Fail</expression-string>
            </expression>
          </input>
          <input name="DesignTimeVisible">
            <expression>
              <expression-string>True</expression-string>
            </expression>
          </input>
          <input name="Foreground">
            <expression>
              <expression-string>-1</expression-string>
            </expression>
          </input>
          <input name="RuntimeVisible">
            <expression>
              <expression-string>True</expression-string>
            </expression>
          </input>
          <input name="Type">
            <expression>
              <expression-string>StatusCondition</expression-string>
            </expression>
          </input>
          <input name="Value">
            <expression>
              <expression-string>None</expression-string>
            </expression>
          </input>
        </inputs>
        <userXML>
          <AutomaticName>Fail</AutomaticName>
        </userXML>
      </subObject>
      <subObject name="PassInspectionLabel" type="Matrox.DesignAssistant.Core.Projects.BaseLabel, Matrox.DesignAssistant.Core, Version=7.0.214.0, Culture=neutral, PublicKeyToken=726f03a4652993c7" id="cd0da882-4474-401f-8ecc-38b79fb70128" Version="7.0.214.0">
        <expression>
          <expression-string></expression-string>
        </expression>
        <inputs>
          <input name="Background">
            <expression>
              <expression-string>-16744448</expression-string>
            </expression>
          </input>
          <input name="Condition">
            <expression>
              <expression-string need-link-container="True">Status.Result=Pass</expression-string>
            </expression>
          </input>
          <input name="DesignTimeVisible">
            <expression>
              <expression-string>True</expression-string>
            </expression>
          </input>
          <input name="Foreground">
            <expression>
              <expression-string>-1</expression-string>
            </expression>
          </input>
          <input name="RuntimeVisible">
            <expression>
              <expression-string>True</expression-string>
            </expression>
          </input>
          <input name="Type">
            <expression>
              <expression-string>StatusCondition</expression-string>
            </expression>
          </input>
          <input name="Value">
            <expression>
              <expression-string>None</expression-string>
            </expression>
          </input>
        </inputs>
        <userXML>
          <AutomaticName>Pass</AutomaticName>
        </userXML>
      </subObject>
      <input name="ResetPoint">
        <expression>
          <expression-string>NeverReset</expression-string>
        </expression>
      </input>
      <input name="Suspended">
        <expression>
          <expression-string>False</expression-string>
        </expression>
      </input>
    </inputs>
    <userXML />
  </step>
</persistentitem><persistentitem id="df279b5f-0032-4bb0-a74e-89741b9de983">
  <Variable name="CCD5_X" persistentState="Global" type="Matrox.DesignAssistant.Core.Flowcharts.DoubleVariable, Matrox.DesignAssistant.Core, Version=7.0.214.0, Culture=neutral, PublicKeyToken=726f03a4652993c7" linkedAssemblies="Matrox.DesignAssistant.Core, Version=7.0.214.0, Culture=neutral, PublicKeyToken=726f03a4652993c7" description="" typeName="Numeric" id="df279b5f-0032-4bb0-a74e-89741b9de983" modificationid="1dde3e0c-c8bb-49cb-b3dc-9bb74f13bd26" Version="7.0.214.0">
    <inputs>
      <input name="InitialValue">
        <expression>
          <expression-string>StoredValue</expression-string>
        </expression>
      </input>
      <input name="ResetPoint">
        <expression>
          <expression-string>NeverReset</expression-string>
        </expression>
      </input>
    </inputs>
    <userXML />
  </Variable>
  <CurrentValue valueHasNotBeenSet="False" currentValue="87423.8366346698" />
</persistentitem><persistentitem id="69404ea7-9938-4262-8ec8-4cea6d90fd7e">
  <Variable name="CCD5_Y" persistentState="Global" type="Matrox.DesignAssistant.Core.Flowcharts.DoubleVariable, Matrox.DesignAssistant.Core, Version=7.0.214.0, Culture=neutral, PublicKeyToken=726f03a4652993c7" linkedAssemblies="Matrox.DesignAssistant.Core, Version=7.0.214.0, Culture=neutral, PublicKeyToken=726f03a4652993c7" description="" typeName="Numeric" id="69404ea7-9938-4262-8ec8-4cea6d90fd7e" modificationid="c3645da7-a9fd-4afc-aa61-e9c661355632" Version="7.0.214.0">
    <inputs>
      <input name="InitialValue">
        <expression>
          <expression-string>StoredValue</expression-string>
        </expression>
      </input>
      <input name="ResetPoint">
        <expression>
          <expression-string>NeverReset</expression-string>
        </expression>
      </input>
    </inputs>
    <userXML />
  </Variable>
  <CurrentValue valueHasNotBeenSet="False" currentValue="NaN" />
</persistentitem><persistentitem id="77bebf0d-3bd8-4a59-85a3-27667748d35c">
  <Variable name="CCD5orCCD6" persistentState="Global" type="Matrox.DesignAssistant.Core.Flowcharts.Variable`1[[System.String, mscorlib, Version=4.0.0.0, Culture=neutral, PublicKeyToken=b77a5c561934e089]], Matrox.DesignAssistant.Core, Version=7.0.214.0, Culture=neutral, PublicKeyToken=726f03a4652993c7" linkedAssemblies="Matrox.DesignAssistant.Core, Version=7.0.214.0, Culture=neutral, PublicKeyToken=726f03a4652993c7" description="" typeName="String" id="77bebf0d-3bd8-4a59-85a3-27667748d35c" modificationid="3e3ad511-4cf8-4f60-80b0-bc583590cc2d" Version="7.0.214.0">
    <inputs>
      <input name="InitialValue">
        <expression>
          <expression-string>StoredValue</expression-string>
        </expression>
      </input>
      <input name="ResetPoint">
        <expression>
          <expression-string>NeverReset</expression-string>
        </expression>
      </input>
    </inputs>
    <userXML />
  </Variable>
  <CurrentValue valueHasNotBeenSet="False" currentValue="CCD5" />
</persistentitem><persistentitem id="021d6179-69a4-4ef0-8191-06db9e8c9061">
  <Variable name="CCD6_X" persistentState="Global" type="Matrox.DesignAssistant.Core.Flowcharts.DoubleVariable, Matrox.DesignAssistant.Core, Version=7.0.214.0, Culture=neutral, PublicKeyToken=726f03a4652993c7" linkedAssemblies="Matrox.DesignAssistant.Core, Version=7.0.214.0, Culture=neutral, PublicKeyToken=726f03a4652993c7" description="" typeName="Numeric" id="021d6179-69a4-4ef0-8191-06db9e8c9061" modificationid="7f029796-ffa4-4a7a-a620-b646a175d31a" Version="7.0.214.0">
    <inputs>
      <input name="InitialValue">
        <expression>
          <expression-string>StoredValue</expression-string>
        </expression>
      </input>
      <input name="ResetPoint">
        <expression>
          <expression-string>NeverReset</expression-string>
        </expression>
      </input>
    </inputs>
    <userXML />
  </Variable>
  <CurrentValue valueHasNotBeenSet="False" currentValue="0" />
</persistentitem><persistentitem id="586cd59f-3b4c-4720-9b49-8674d365c617">
  <Variable name="CCD6_Y" persistentState="Global" type="Matrox.DesignAssistant.Core.Flowcharts.DoubleVariable, Matrox.DesignAssistant.Core, Version=7.0.214.0, Culture=neutral, PublicKeyToken=726f03a4652993c7" linkedAssemblies="Matrox.DesignAssistant.Core, Version=7.0.214.0, Culture=neutral, PublicKeyToken=726f03a4652993c7" description="" typeName="Numeric" id="586cd59f-3b4c-4720-9b49-8674d365c617" modificationid="354bd361-2160-4e03-a3a6-d94683a02942" Version="7.0.214.0">
    <inputs>
      <input name="InitialValue">
        <expression>
          <expression-string>StoredValue</expression-string>
        </expression>
      </input>
      <input name="ResetPoint">
        <expression>
          <expression-string>NeverReset</expression-string>
        </expression>
      </input>
    </inputs>
    <userXML />
  </Variable>
  <CurrentValue valueHasNotBeenSet="False" currentValue="0" />
</persistentitem><persistentitem id="0548fd84-9126-41cc-974e-a8a63bef8223">
  <Variable name="Angle0" persistentState="Global" type="Matrox.DesignAssistant.Core.Flowcharts.DoubleVariable, Matrox.DesignAssistant.Core, Version=7.0.214.0, Culture=neutral, PublicKeyToken=726f03a4652993c7" linkedAssemblies="Matrox.DesignAssistant.Core, Version=7.0.214.0, Culture=neutral, PublicKeyToken=726f03a4652993c7" description="" typeName="Numeric" id="0548fd84-9126-41cc-974e-a8a63bef8223" modificationid="d609b967-b039-419c-a897-085aa4610ca7" Version="7.0.214.0">
    <inputs>
      <input name="InitialValue">
        <expression>
          <expression-string>StoredValue</expression-string>
        </expression>
      </input>
      <input name="ResetPoint">
        <expression>
          <expression-string>NeverReset</expression-string>
        </expression>
      </input>
    </inputs>
    <userXML />
  </Variable>
  <CurrentValue valueHasNotBeenSet="False" currentValue="0" />
</persistentitem><persistentitem id="f783c4b4-ac00-4ff6-9aee-7946b05cf52c">
  <Variable name="AnyAngle" persistentState="Global" type="Matrox.DesignAssistant.Core.Flowcharts.DoubleVariable, Matrox.DesignAssistant.Core, Version=7.0.214.0, Culture=neutral, PublicKeyToken=726f03a4652993c7" linkedAssemblies="Matrox.DesignAssistant.Core, Version=7.0.214.0, Culture=neutral, PublicKeyToken=726f03a4652993c7" description="" typeName="Numeric" id="f783c4b4-ac00-4ff6-9aee-7946b05cf52c" modificationid="02e5e837-1556-4aae-96ba-36148db71fca" Version="7.0.214.0">
    <inputs>
      <input name="InitialValue">
        <expression>
          <expression-string>StoredValue</expression-string>
        </expression>
      </input>
      <input name="ResetPoint">
        <expression>
          <expression-string>NeverReset</expression-string>
        </expression>
      </input>
    </inputs>
    <userXML />
  </Variable>
  <CurrentValue valueHasNotBeenSet="False" currentValue="0" />
</persistentitem><persistentitem id="7899a8bc-4e11-46f2-a2dd-328976a4d260">
  <Variable name="CCD5_Mark_Angle0_ModelFinder" persistentState="Global" type="Matrox.DesignAssistant.Core.Flowcharts.ArrayVariable`1[[Matrox.DesignAssistant.Core.CommonTypes.ListWithMaxCount`1[[System.Double, mscorlib, Version=4.0.0.0, Culture=neutral, PublicKeyToken=b77a5c561934e089]], Matrox.DesignAssistant.Core, Version=7.0.214.0, Culture=neutral, PublicKeyToken=726f03a4652993c7]], Matrox.DesignAssistant.Core, Version=7.0.214.0, Culture=neutral, PublicKeyToken=726f03a4652993c7" linkedAssemblies="Matrox.DesignAssistant.Core, Version=7.0.214.0, Culture=neutral, PublicKeyToken=726f03a4652993c7" description="" typeName="Numeric array" maxCount="2147483647" id="7899a8bc-4e11-46f2-a2dd-328976a4d260" modificationid="65b329f2-a066-4d1d-baa6-3a0a305a6fe3" Version="7.0.214.0">
    <inputs>
      <input name="InitialValue">
        <expression>
          <expression-string>Empty</expression-string>
        </expression>
      </input>
      <input name="ResetPoint">
        <expression>
          <expression-string>NeverReset</expression-string>
        </expression>
      </input>
    </inputs>
    <userXML />
  </Variable>
  <CurrentValue valueHasNotBeenSet="False" currentValue="Empty array" />
</persistentitem><persistentitem id="c30bb34e-735f-462e-8646-410dfe60e0ce">
  <Variable name="CCD5_Mark_AnyAngle_ModelFinder" persistentState="Global" type="Matrox.DesignAssistant.Core.Flowcharts.ArrayVariable`1[[Matrox.DesignAssistant.Core.CommonTypes.ListWithMaxCount`1[[System.Double, mscorlib, Version=4.0.0.0, Culture=neutral, PublicKeyToken=b77a5c561934e089]], Matrox.DesignAssistant.Core, Version=7.0.214.0, Culture=neutral, PublicKeyToken=726f03a4652993c7]], Matrox.DesignAssistant.Core, Version=7.0.214.0, Culture=neutral, PublicKeyToken=726f03a4652993c7" linkedAssemblies="Matrox.DesignAssistant.Core, Version=7.0.214.0, Culture=neutral, PublicKeyToken=726f03a4652993c7" description="" typeName="Numeric array" maxCount="2147483647" id="c30bb34e-735f-462e-8646-410dfe60e0ce" modificationid="27071256-56ad-443c-99b1-39e43a233178" Version="7.0.214.0">
    <inputs>
      <input name="InitialValue">
        <expression>
          <expression-string>Empty</expression-string>
        </expression>
      </input>
      <input name="ResetPoint">
        <expression>
          <expression-string>NeverReset</expression-string>
        </expression>
      </input>
    </inputs>
    <userXML />
  </Variable>
  <CurrentValue valueHasNotBeenSet="False" currentValue="Empty array" />
</persistentitem><persistentitem id="3bd2961d-9cee-41d9-a8b7-bdb535ff0bac">
  <Variable name="CCD6_Mark_Angle0_ModelFinder" persistentState="Global" type="Matrox.DesignAssistant.Core.Flowcharts.ArrayVariable`1[[Matrox.DesignAssistant.Core.CommonTypes.ListWithMaxCount`1[[System.Double, mscorlib, Version=4.0.0.0, Culture=neutral, PublicKeyToken=b77a5c561934e089]], Matrox.DesignAssistant.Core, Version=7.0.214.0, Culture=neutral, PublicKeyToken=726f03a4652993c7]], Matrox.DesignAssistant.Core, Version=7.0.214.0, Culture=neutral, PublicKeyToken=726f03a4652993c7" linkedAssemblies="Matrox.DesignAssistant.Core, Version=7.0.214.0, Culture=neutral, PublicKeyToken=726f03a4652993c7" description="" typeName="Numeric array" maxCount="2147483647" id="3bd2961d-9cee-41d9-a8b7-bdb535ff0bac" modificationid="84c34ab0-0fed-4fcf-b782-b0d628eda184" Version="7.0.214.0">
    <inputs>
      <input name="InitialValue">
        <expression>
          <expression-string>Empty</expression-string>
        </expression>
      </input>
      <input name="ResetPoint">
        <expression>
          <expression-string>NeverReset</expression-string>
        </expression>
      </input>
    </inputs>
    <userXML />
  </Variable>
  <CurrentValue valueHasNotBeenSet="False" currentValue="Empty array" />
</persistentitem><persistentitem id="e2f19dff-3ee4-4a38-8bd6-0eb78c93e35d">
  <Variable name="CCD6_Mark_AnyAngle_ModelFinder" persistentState="Global" type="Matrox.DesignAssistant.Core.Flowcharts.ArrayVariable`1[[Matrox.DesignAssistant.Core.CommonTypes.ListWithMaxCount`1[[System.Double, mscorlib, Version=4.0.0.0, Culture=neutral, PublicKeyToken=b77a5c561934e089]], Matrox.DesignAssistant.Core, Version=7.0.214.0, Culture=neutral, PublicKeyToken=726f03a4652993c7]], Matrox.DesignAssistant.Core, Version=7.0.214.0, Culture=neutral, PublicKeyToken=726f03a4652993c7" linkedAssemblies="Matrox.DesignAssistant.Core, Version=7.0.214.0, Culture=neutral, PublicKeyToken=726f03a4652993c7" description="" typeName="Numeric array" maxCount="2147483647" id="e2f19dff-3ee4-4a38-8bd6-0eb78c93e35d" modificationid="ad9bb37b-ecfc-4cdd-90b0-0bac31bd119e" Version="7.0.214.0">
    <inputs>
      <input name="InitialValue">
        <expression>
          <expression-string>Empty</expression-string>
        </expression>
      </input>
      <input name="ResetPoint">
        <expression>
          <expression-string>NeverReset</expression-string>
        </expression>
      </input>
    </inputs>
    <userXML />
  </Variable>
  <CurrentValue valueHasNotBeenSet="False" currentValue="Empty array" />
</persistentitem><persistentitem id="23283788-1b7a-4511-b6e4-3c260aeb294b">
  <Variable name="Choose0orAnyAngle" persistentState="Global" type="Matrox.DesignAssistant.Core.Flowcharts.DoubleVariable, Matrox.DesignAssistant.Core, Version=7.0.214.0, Culture=neutral, PublicKeyToken=726f03a4652993c7" linkedAssemblies="Matrox.DesignAssistant.Core, Version=7.0.214.0, Culture=neutral, PublicKeyToken=726f03a4652993c7" description="" typeName="Numeric" id="23283788-1b7a-4511-b6e4-3c260aeb294b" modificationid="7b9a9dd6-73d7-4f31-b81a-f4a3cac8f841" Version="7.0.214.0">
    <inputs>
      <input name="InitialValue">
        <expression>
          <expression-string>StoredValue</expression-string>
        </expression>
      </input>
      <input name="ResetPoint">
        <expression>
          <expression-string>NeverReset</expression-string>
        </expression>
      </input>
    </inputs>
    <userXML />
  </Variable>
  <CurrentValue valueHasNotBeenSet="False" currentValue="0" />
</persistentitem><persistentitem id="e22c3c66-8873-483f-a28d-06b2c4aa8e01">
  <Variable name="ImageAngle0" persistentState="Global" type="Matrox.DesignAssistant.Core.Flowcharts.ImageArrayVariable, Matrox.DesignAssistant.Core, Version=7.0.214.0, Culture=neutral, PublicKeyToken=726f03a4652993c7" linkedAssemblies="Matrox.DesignAssistant.Core, Version=7.0.214.0, Culture=neutral, PublicKeyToken=726f03a4652993c7" description="" typeName="Image array" maxCount="2147483647" id="e22c3c66-8873-483f-a28d-06b2c4aa8e01" modificationid="3d65a7b8-de27-47c1-b801-722224b210d2" Version="7.0.214.0">
    <inputs>
      <input name="InitialValue">
        <expression>
          <expression-string>Empty</expression-string>
        </expression>
      </input>
      <input name="ResetPoint">
        <expression>
          <expression-string>NeverReset</expression-string>
        </expression>
      </input>
    </inputs>
    <userXML />
  </Variable>
  <CurrentValue valueHasNotBeenSet="False" currentValue="Empty array">
    <Count>0</Count>
  </CurrentValue>
</persistentitem><persistentitem id="b9e33338-6298-460d-9260-9ae0ab0255c1">
  <Variable name="ImageAnyAngle" persistentState="Global" type="Matrox.DesignAssistant.Core.Flowcharts.ImageArrayVariable, Matrox.DesignAssistant.Core, Version=7.0.214.0, Culture=neutral, PublicKeyToken=726f03a4652993c7" linkedAssemblies="Matrox.DesignAssistant.Core, Version=7.0.214.0, Culture=neutral, PublicKeyToken=726f03a4652993c7" description="" typeName="Image array" maxCount="2147483647" id="b9e33338-6298-460d-9260-9ae0ab0255c1" modificationid="3fded0d4-b375-4aed-8969-6b5770cf220e" Version="7.0.214.0">
    <inputs>
      <input name="InitialValue">
        <expression>
          <expression-string>Empty</expression-string>
        </expression>
      </input>
      <input name="ResetPoint">
        <expression>
          <expression-string>NeverReset</expression-string>
        </expression>
      </input>
    </inputs>
    <userXML />
  </Variable>
  <CurrentValue valueHasNotBeenSet="False" currentValue="Empty array">
    <Count>0</Count>
  </CurrentValue>
</persistentitem><persistentitem id="232a63c5-c4fc-4f97-b260-240683faf860" milstreamsdirname="MILStreams\Calibration_StoreImg" milstreamfilenameprefix="ImageWriterCopy3">
  <step name="ImageWriterCopy3" persistentState="Global" type="Matrox.DesignAssistant.Steps.ImageWriterPackage.ImageWriter, Matrox.DesignAssistant.Steps.ImageWriterPackage, Version=7.0.214.0, Culture=neutral, PublicKeyToken=726f03a4652993c7" id="232a63c5-c4fc-4f97-b260-240683faf860" modificationid="14e0e6dc-dd31-448d-8fc2-1ae81c7f72e5" Version="7.0.214.0">
    <inputs>
      <objectCollection name="Annotations" type="Matrox.DesignAssistant.Core.Annotations.AnnotationCollection, Matrox.DesignAssistant.Core, Version=7.0.214.0, Culture=neutral, PublicKeyToken=726f03a4652993c7" id="ef8f0bf7-1f8c-4b8c-b00a-3175f0ee9201" Version="7.0.214.0">
        <expression>
          <expression-string></expression-string>
        </expression>
        <collectionItems />
        <userXML />
      </objectCollection>
      <input name="StartIndex">
        <expression>
          <expression-string>1</expression-string>
        </expression>
      </input>
      <input name="EndIndex">
        <expression>
          <expression-string>2</expression-string>
        </expression>
      </input>
      <input name="NumberedFiles">
        <expression>
          <expression-string>False</expression-string>
        </expression>
      </input>
      <input name="RootName">
        <expression>
          <expression-string>CCD5AnyAngle_Image</expression-string>
        </expression>
      </input>
      <input name="Comment">
        <expression>
          <expression-string></expression-string>
        </expression>
      </input>
      <input name="Container">
        <expression>
          <expression-string need-link-container="True">Angle0_CCD5.Container</expression-string>
        </expression>
      </input>
      <input name="Mode">
        <expression>
          <expression-string>SaveImage</expression-string>
        </expression>
      </input>
      <input name="ResetPoint">
        <expression>
          <expression-string>InspectionStart</expression-string>
        </expression>
      </input>
      <input name="ResizeImage">
        <expression>
          <expression-string>False</expression-string>
        </expression>
      </input>
      <input name="ResizeSizeX">
        <expression>
          <expression-string>1280</expression-string>
        </expression>
      </input>
      <input name="ResizeSizeY">
        <expression>
          <expression-string>1024</expression-string>
        </expression>
      </input>
      <input name="SidecarText">
        <expression>
          <expression-string></expression-string>
        </expression>
      </input>
      <input name="WriteSidecarFile">
        <expression>
          <expression-string>False</expression-string>
        </expression>
      </input>
      <input name="Image">
        <expression>
          <expression-string need-link-container="True">AnyAngle_CCD5.Image</expression-string>
        </expression>
      </input>
      <input name="Region">
        <expression>
          <expression-string>WholeImage</expression-string>
        </expression>
      </input>
      <input name="FileType">
        <expression>
          <expression-string>BMP</expression-string>
        </expression>
      </input>
      <input name="Quality">
        <expression>
          <expression-string>100</expression-string>
        </expression>
      </input>
      <input name="Colormap">
        <expression>
          <expression-string>Default</expression-string>
        </expression>
      </input>
      <input name="Path">
        <expression>
          <expression-string>D:\\Tiling\\Calibration\\</expression-string>
        </expression>
      </input>
      <input name="AppendCurrentRecipe">
        <expression>
          <expression-string>False</expression-string>
        </expression>
      </input>
    </inputs>
    <userXML />
  </step>
</persistentitem><persistentitem id="37721400-ff74-4f62-9514-f64f7f248e4a" milstreamsdirname="MILStreams\Calibration_StoreImg" milstreamfilenameprefix="ImageWriterCopy4">
  <step name="ImageWriterCopy4" persistentState="Global" type="Matrox.DesignAssistant.Steps.ImageWriterPackage.ImageWriter, Matrox.DesignAssistant.Steps.ImageWriterPackage, Version=7.0.214.0, Culture=neutral, PublicKeyToken=726f03a4652993c7" id="37721400-ff74-4f62-9514-f64f7f248e4a" modificationid="aa52402a-5c0e-4057-bd80-6181585ccbb3" Version="7.0.214.0">
    <inputs>
      <objectCollection name="Annotations" type="Matrox.DesignAssistant.Core.Annotations.AnnotationCollection, Matrox.DesignAssistant.Core, Version=7.0.214.0, Culture=neutral, PublicKeyToken=726f03a4652993c7" id="cea1812e-3804-49f1-a87a-de55cea91dcb" Version="7.0.214.0">
        <expression>
          <expression-string></expression-string>
        </expression>
        <collectionItems />
        <userXML />
      </objectCollection>
      <input name="StartIndex">
        <expression>
          <expression-string>1</expression-string>
        </expression>
      </input>
      <input name="EndIndex">
        <expression>
          <expression-string>2</expression-string>
        </expression>
      </input>
      <input name="NumberedFiles">
        <expression>
          <expression-string>False</expression-string>
        </expression>
      </input>
      <input name="RootName">
        <expression>
          <expression-string>CCD6AnyAngle_Image</expression-string>
        </expression>
      </input>
      <input name="Comment">
        <expression>
          <expression-string></expression-string>
        </expression>
      </input>
      <input name="Container">
        <expression>
          <expression-string need-link-container="True">Angle0_CCD5.Container</expression-string>
        </expression>
      </input>
      <input name="Mode">
        <expression>
          <expression-string>SaveImage</expression-string>
        </expression>
      </input>
      <input name="ResetPoint">
        <expression>
          <expression-string>InspectionStart</expression-string>
        </expression>
      </input>
      <input name="ResizeImage">
        <expression>
          <expression-string>False</expression-string>
        </expression>
      </input>
      <input name="ResizeSizeX">
        <expression>
          <expression-string>1280</expression-string>
        </expression>
      </input>
      <input name="ResizeSizeY">
        <expression>
          <expression-string>1024</expression-string>
        </expression>
      </input>
      <input name="SidecarText">
        <expression>
          <expression-string></expression-string>
        </expression>
      </input>
      <input name="WriteSidecarFile">
        <expression>
          <expression-string>False</expression-string>
        </expression>
      </input>
      <input name="Image">
        <expression>
          <expression-string need-link-container="True">AnyAngle_CCD6.Image</expression-string>
        </expression>
      </input>
      <input name="Region">
        <expression>
          <expression-string>WholeImage</expression-string>
        </expression>
      </input>
      <input name="FileType">
        <expression>
          <expression-string>BMP</expression-string>
        </expression>
      </input>
      <input name="Quality">
        <expression>
          <expression-string>100</expression-string>
        </expression>
      </input>
      <input name="Colormap">
        <expression>
          <expression-string>Default</expression-string>
        </expression>
      </input>
      <input name="Path">
        <expression>
          <expression-string>D:\\Tiling\\Calibration\\</expression-string>
        </expression>
      </input>
      <input name="AppendCurrentRecipe">
        <expression>
          <expression-string>False</expression-string>
        </expression>
      </input>
    </inputs>
    <userXML />
  </step>
</persistentitem><persistentitem id="78166aec-6b08-459e-9fbb-df9f944117af" milstreamsdirname="MILStreams\Calibration_StoreImg" milstreamfilenameprefix="ImageWriterCopy">
  <step name="ImageWriterCopy" persistentState="Global" type="Matrox.DesignAssistant.Steps.ImageWriterPackage.ImageWriter, Matrox.DesignAssistant.Steps.ImageWriterPackage, Version=7.0.214.0, Culture=neutral, PublicKeyToken=726f03a4652993c7" id="78166aec-6b08-459e-9fbb-df9f944117af" modificationid="14cecea0-bdea-4ad5-8f9c-2ef984ab0000" Version="7.0.214.0">
    <inputs>
      <objectCollection name="Annotations" type="Matrox.DesignAssistant.Core.Annotations.AnnotationCollection, Matrox.DesignAssistant.Core, Version=7.0.214.0, Culture=neutral, PublicKeyToken=726f03a4652993c7" id="8a6c38f4-7850-4c5b-9aa4-5a4ac6683b17" Version="7.0.214.0">
        <expression>
          <expression-string></expression-string>
        </expression>
        <collectionItems />
        <userXML />
      </objectCollection>
      <input name="StartIndex">
        <expression>
          <expression-string>1</expression-string>
        </expression>
      </input>
      <input name="EndIndex">
        <expression>
          <expression-string>2</expression-string>
        </expression>
      </input>
      <input name="NumberedFiles">
        <expression>
          <expression-string>False</expression-string>
        </expression>
      </input>
      <input name="RootName">
        <expression>
          <expression-string>CCD5Angle0_Image</expression-string>
        </expression>
      </input>
      <input name="Comment">
        <expression>
          <expression-string></expression-string>
        </expression>
      </input>
      <input name="Container">
        <expression>
          <expression-string need-link-container="True">Angle0_CCD5.Container</expression-string>
        </expression>
      </input>
      <input name="Mode">
        <expression>
          <expression-string>SaveImage</expression-string>
        </expression>
      </input>
      <input name="ResetPoint">
        <expression>
          <expression-string>InspectionStart</expression-string>
        </expression>
      </input>
      <input name="ResizeImage">
        <expression>
          <expression-string>False</expression-string>
        </expression>
      </input>
      <input name="ResizeSizeX">
        <expression>
          <expression-string>1280</expression-string>
        </expression>
      </input>
      <input name="ResizeSizeY">
        <expression>
          <expression-string>1024</expression-string>
        </expression>
      </input>
      <input name="SidecarText">
        <expression>
          <expression-string></expression-string>
        </expression>
      </input>
      <input name="WriteSidecarFile">
        <expression>
          <expression-string>False</expression-string>
        </expression>
      </input>
      <input name="Image">
        <expression>
          <expression-string need-link-container="True">Angle0_CCD5.Image</expression-string>
        </expression>
      </input>
      <input name="Region">
        <expression>
          <expression-string>WholeImage</expression-string>
        </expression>
      </input>
      <input name="FileType">
        <expression>
          <expression-string>BMP</expression-string>
        </expression>
      </input>
      <input name="Quality">
        <expression>
          <expression-string>100</expression-string>
        </expression>
      </input>
      <input name="Colormap">
        <expression>
          <expression-string>Default</expression-string>
        </expression>
      </input>
      <input name="Path">
        <expression>
          <expression-string>D:\\Tiling\\Calibration\\</expression-string>
        </expression>
      </input>
      <input name="AppendCurrentRecipe">
        <expression>
          <expression-string>False</expression-string>
        </expression>
      </input>
    </inputs>
    <userXML />
  </step>
</persistentitem><persistentitem id="4b1f4af4-45a9-4640-9999-30bcb638be75" milstreamsdirname="MILStreams\Calibration_StoreImg" milstreamfilenameprefix="ImageWriterCopy2">
  <step name="ImageWriterCopy2" persistentState="Global" type="Matrox.DesignAssistant.Steps.ImageWriterPackage.ImageWriter, Matrox.DesignAssistant.Steps.ImageWriterPackage, Version=7.0.214.0, Culture=neutral, PublicKeyToken=726f03a4652993c7" id="4b1f4af4-45a9-4640-9999-30bcb638be75" modificationid="21edeb18-56c3-4328-b92e-ab9aa737a4c7" Version="7.0.214.0">
    <inputs>
      <objectCollection name="Annotations" type="Matrox.DesignAssistant.Core.Annotations.AnnotationCollection, Matrox.DesignAssistant.Core, Version=7.0.214.0, Culture=neutral, PublicKeyToken=726f03a4652993c7" id="7f2be2df-23d5-4571-8793-1e96ff1c26bd" Version="7.0.214.0">
        <expression>
          <expression-string></expression-string>
        </expression>
        <collectionItems />
        <userXML />
      </objectCollection>
      <input name="StartIndex">
        <expression>
          <expression-string>1</expression-string>
        </expression>
      </input>
      <input name="EndIndex">
        <expression>
          <expression-string>2</expression-string>
        </expression>
      </input>
      <input name="NumberedFiles">
        <expression>
          <expression-string>False</expression-string>
        </expression>
      </input>
      <input name="RootName">
        <expression>
          <expression-string>CCD6Angle0_Image</expression-string>
        </expression>
      </input>
      <input name="Comment">
        <expression>
          <expression-string></expression-string>
        </expression>
      </input>
      <input name="Container">
        <expression>
          <expression-string need-link-container="True">Angle0_CCD5.Container</expression-string>
        </expression>
      </input>
      <input name="Mode">
        <expression>
          <expression-string>SaveImage</expression-string>
        </expression>
      </input>
      <input name="ResetPoint">
        <expression>
          <expression-string>InspectionStart</expression-string>
        </expression>
      </input>
      <input name="ResizeImage">
        <expression>
          <expression-string>False</expression-string>
        </expression>
      </input>
      <input name="ResizeSizeX">
        <expression>
          <expression-string>1280</expression-string>
        </expression>
      </input>
      <input name="ResizeSizeY">
        <expression>
          <expression-string>1024</expression-string>
        </expression>
      </input>
      <input name="SidecarText">
        <expression>
          <expression-string></expression-string>
        </expression>
      </input>
      <input name="WriteSidecarFile">
        <expression>
          <expression-string>False</expression-string>
        </expression>
      </input>
      <input name="Image">
        <expression>
          <expression-string need-link-container="True">Angle0_CCD6.Image</expression-string>
        </expression>
      </input>
      <input name="Region">
        <expression>
          <expression-string>WholeImage</expression-string>
        </expression>
      </input>
      <input name="FileType">
        <expression>
          <expression-string>BMP</expression-string>
        </expression>
      </input>
      <input name="Quality">
        <expression>
          <expression-string>100</expression-string>
        </expression>
      </input>
      <input name="Colormap">
        <expression>
          <expression-string>Default</expression-string>
        </expression>
      </input>
      <input name="Path">
        <expression>
          <expression-string>D:\\Tiling\\Calibration\\</expression-string>
        </expression>
      </input>
      <input name="AppendCurrentRecipe">
        <expression>
          <expression-string>False</expression-string>
        </expression>
      </input>
    </inputs>
    <userXML />
  </step>
</persistentitem></persistence>