﻿<?xml version="1.0" encoding="utf-8" standalone="yes"?>
<persistence><persistentitem id="6d0030bb-bae0-4aaa-b7d3-5f22329817da">
  <Variable name="Spec_A_X" persistentState="Global" type="Matrox.DesignAssistant.Core.Flowcharts.DoubleVariable, Matrox.DesignAssistant.Core, Version=7.0.214.0, Culture=neutral, PublicKeyToken=726f03a4652993c7" linkedAssemblies="Matrox.DesignAssistant.Core, Version=7.0.214.0, Culture=neutral, PublicKeyToken=726f03a4652993c7" description="" typeName="Numeric" id="6d0030bb-bae0-4aaa-b7d3-5f22329817da" modificationid="24fee952-8957-4507-a52f-1b62c3ab4f5d" Version="7.0.214.0">
    <inputs>
      <input name="InitialValue">
        <expression>
          <expression-string>StoredValue</expression-string>
        </expression>
      </input>
      <input name="ResetPoint">
        <expression>
          <expression-string>NeverReset</expression-string>
        </expression>
      </input>
    </inputs>
    <userXML />
  </Variable>
  <CurrentValue valueHasNotBeenSet="False" currentValue="1029.5" />
</persistentitem><persistentitem id="084f92ed-0061-4e10-bea1-3f44f611a99a">
  <Variable name="Spec_A_Y" persistentState="Global" type="Matrox.DesignAssistant.Core.Flowcharts.DoubleVariable, Matrox.DesignAssistant.Core, Version=7.0.214.0, Culture=neutral, PublicKeyToken=726f03a4652993c7" linkedAssemblies="Matrox.DesignAssistant.Core, Version=7.0.214.0, Culture=neutral, PublicKeyToken=726f03a4652993c7" description="" typeName="Numeric" id="084f92ed-0061-4e10-bea1-3f44f611a99a" modificationid="c5f6eabd-285d-4642-83bc-c8a1b0578570" Version="7.0.214.0">
    <inputs>
      <input name="InitialValue">
        <expression>
          <expression-string>StoredValue</expression-string>
        </expression>
      </input>
      <input name="ResetPoint">
        <expression>
          <expression-string>NeverReset</expression-string>
        </expression>
      </input>
    </inputs>
    <userXML />
  </Variable>
  <CurrentValue valueHasNotBeenSet="False" currentValue="665.5" />
</persistentitem><persistentitem id="b4830ead-5f79-4140-bf51-8117a56e20bc">
  <Variable name="Spec_B_X" persistentState="Global" type="Matrox.DesignAssistant.Core.Flowcharts.DoubleVariable, Matrox.DesignAssistant.Core, Version=7.0.214.0, Culture=neutral, PublicKeyToken=726f03a4652993c7" linkedAssemblies="Matrox.DesignAssistant.Core, Version=7.0.214.0, Culture=neutral, PublicKeyToken=726f03a4652993c7" description="" typeName="Numeric" id="b4830ead-5f79-4140-bf51-8117a56e20bc" modificationid="250d5482-d901-4027-ac08-3456f71f0b71" Version="7.0.214.0">
    <inputs>
      <input name="InitialValue">
        <expression>
          <expression-string>StoredValue</expression-string>
        </expression>
      </input>
      <input name="ResetPoint">
        <expression>
          <expression-string>NeverReset</expression-string>
        </expression>
      </input>
    </inputs>
    <userXML />
  </Variable>
  <CurrentValue valueHasNotBeenSet="False" currentValue="1034" />
</persistentitem><persistentitem id="590c3fe1-0ac3-42fc-8923-0cab31f3fe24">
  <Variable name="Spec_B_Y" persistentState="Global" type="Matrox.DesignAssistant.Core.Flowcharts.DoubleVariable, Matrox.DesignAssistant.Core, Version=7.0.214.0, Culture=neutral, PublicKeyToken=726f03a4652993c7" linkedAssemblies="Matrox.DesignAssistant.Core, Version=7.0.214.0, Culture=neutral, PublicKeyToken=726f03a4652993c7" description="" typeName="Numeric" id="590c3fe1-0ac3-42fc-8923-0cab31f3fe24" modificationid="db424b9f-f53d-4b96-b836-e3584b600925" Version="7.0.214.0">
    <inputs>
      <input name="InitialValue">
        <expression>
          <expression-string>StoredValue</expression-string>
        </expression>
      </input>
      <input name="ResetPoint">
        <expression>
          <expression-string>NeverReset</expression-string>
        </expression>
      </input>
    </inputs>
    <userXML />
  </Variable>
  <CurrentValue valueHasNotBeenSet="False" currentValue="1468.5" />
</persistentitem><persistentitem id="a822b06f-ece3-4169-be8e-b62c80338c11">
  <Variable name="Spec_Resolution" persistentState="Global" type="Matrox.DesignAssistant.Core.Flowcharts.DoubleVariable, Matrox.DesignAssistant.Core, Version=7.0.214.0, Culture=neutral, PublicKeyToken=726f03a4652993c7" linkedAssemblies="Matrox.DesignAssistant.Core, Version=7.0.214.0, Culture=neutral, PublicKeyToken=726f03a4652993c7" description="" typeName="Numeric" id="a822b06f-ece3-4169-be8e-b62c80338c11" modificationid="d69fb36f-ad1d-4c86-9b23-0ea108ee30a4" Version="7.0.214.0">
    <inputs>
      <input name="InitialValue">
        <expression>
          <expression-string>StoredValue</expression-string>
        </expression>
      </input>
      <input name="ResetPoint">
        <expression>
          <expression-string>NeverReset</expression-string>
        </expression>
      </input>
    </inputs>
    <userXML />
  </Variable>
  <CurrentValue valueHasNotBeenSet="False" currentValue="1.15" />
</persistentitem><persistentitem id="70f48803-9b95-4c2a-98f6-b11826cdb61d">
  <Variable name="CCD5_X" persistentState="Global" type="Matrox.DesignAssistant.Core.Flowcharts.DoubleVariable, Matrox.DesignAssistant.Core, Version=7.0.214.0, Culture=neutral, PublicKeyToken=726f03a4652993c7" linkedAssemblies="Matrox.DesignAssistant.Core, Version=7.0.214.0, Culture=neutral, PublicKeyToken=726f03a4652993c7" description="" typeName="Numeric" id="70f48803-9b95-4c2a-98f6-b11826cdb61d" modificationid="eb105ef8-e0a4-497d-887b-367ab70322e7" Version="7.0.214.0">
    <inputs>
      <input name="InitialValue">
        <expression>
          <expression-string>StoredValue</expression-string>
        </expression>
      </input>
      <input name="ResetPoint">
        <expression>
          <expression-string>NeverReset</expression-string>
        </expression>
      </input>
    </inputs>
    <userXML />
  </Variable>
  <CurrentValue valueHasNotBeenSet="False" currentValue="-89334.9" />
</persistentitem><persistentitem id="487c8012-55fc-4653-a7ae-f95699c318f9">
  <Variable name="CCD5_Y" persistentState="Global" type="Matrox.DesignAssistant.Core.Flowcharts.DoubleVariable, Matrox.DesignAssistant.Core, Version=7.0.214.0, Culture=neutral, PublicKeyToken=726f03a4652993c7" linkedAssemblies="Matrox.DesignAssistant.Core, Version=7.0.214.0, Culture=neutral, PublicKeyToken=726f03a4652993c7" description="" typeName="Numeric" id="487c8012-55fc-4653-a7ae-f95699c318f9" modificationid="4a9ece5f-439b-46e2-bd0d-7dcf54ef542c" Version="7.0.214.0">
    <inputs>
      <input name="InitialValue">
        <expression>
          <expression-string>StoredValue</expression-string>
        </expression>
      </input>
      <input name="ResetPoint">
        <expression>
          <expression-string>NeverReset</expression-string>
        </expression>
      </input>
    </inputs>
    <userXML />
  </Variable>
  <CurrentValue valueHasNotBeenSet="False" currentValue="74985.9" />
</persistentitem><persistentitem id="b9f0d66b-da68-4bb9-8ad2-bfec04026239">
  <Variable name="CCD6_X" persistentState="Global" type="Matrox.DesignAssistant.Core.Flowcharts.DoubleVariable, Matrox.DesignAssistant.Core, Version=7.0.214.0, Culture=neutral, PublicKeyToken=726f03a4652993c7" linkedAssemblies="Matrox.DesignAssistant.Core, Version=7.0.214.0, Culture=neutral, PublicKeyToken=726f03a4652993c7" description="" typeName="Numeric" id="b9f0d66b-da68-4bb9-8ad2-bfec04026239" modificationid="93f52f6c-a815-4eae-8f4b-97dd6f8a5bac" Version="7.0.214.0">
    <inputs>
      <input name="InitialValue">
        <expression>
          <expression-string>StoredValue</expression-string>
        </expression>
      </input>
      <input name="ResetPoint">
        <expression>
          <expression-string>NeverReset</expression-string>
        </expression>
      </input>
    </inputs>
    <userXML />
  </Variable>
  <CurrentValue valueHasNotBeenSet="False" currentValue="83531.7" />
</persistentitem><persistentitem id="9c833620-333c-46a9-a722-a570762448ae">
  <Variable name="CCD6_Y" persistentState="Global" type="Matrox.DesignAssistant.Core.Flowcharts.DoubleVariable, Matrox.DesignAssistant.Core, Version=7.0.214.0, Culture=neutral, PublicKeyToken=726f03a4652993c7" linkedAssemblies="Matrox.DesignAssistant.Core, Version=7.0.214.0, Culture=neutral, PublicKeyToken=726f03a4652993c7" description="" typeName="Numeric" id="9c833620-333c-46a9-a722-a570762448ae" modificationid="e03be12b-a88d-4e8c-aa31-964a742622d6" Version="7.0.214.0">
    <inputs>
      <input name="InitialValue">
        <expression>
          <expression-string>StoredValue</expression-string>
        </expression>
      </input>
      <input name="ResetPoint">
        <expression>
          <expression-string>NeverReset</expression-string>
        </expression>
      </input>
    </inputs>
    <userXML />
  </Variable>
  <CurrentValue valueHasNotBeenSet="False" currentValue="76301.7" />
</persistentitem><persistentitem id="f5a5cb6d-2b06-4d5b-ac53-8d011b7d3399">
  <Variable name="Mark_CCD5Angle0" persistentState="Global" type="Matrox.DesignAssistant.Core.Flowcharts.ArrayVariable`1[[Matrox.DesignAssistant.Core.CommonTypes.ListWithMaxCount`1[[System.Double, mscorlib, Version=4.0.0.0, Culture=neutral, PublicKeyToken=b77a5c561934e089]], Matrox.DesignAssistant.Core, Version=7.0.214.0, Culture=neutral, PublicKeyToken=726f03a4652993c7]], Matrox.DesignAssistant.Core, Version=7.0.214.0, Culture=neutral, PublicKeyToken=726f03a4652993c7" linkedAssemblies="Matrox.DesignAssistant.Core, Version=7.0.214.0, Culture=neutral, PublicKeyToken=726f03a4652993c7" description="" typeName="Numeric array" maxCount="2147483647" id="f5a5cb6d-2b06-4d5b-ac53-8d011b7d3399" modificationid="affad75d-5531-49b1-9203-e11a1e0ec7d1" Version="7.0.214.0">
    <inputs>
      <input name="InitialValue">
        <expression>
          <expression-string>StoredValue</expression-string>
        </expression>
      </input>
      <input name="ResetPoint">
        <expression>
          <expression-string>NeverReset</expression-string>
        </expression>
      </input>
    </inputs>
    <userXML />
  </Variable>
  <CurrentValue valueHasNotBeenSet="False" currentValue="[(1) 1990.83, (2) 2377.79]">
    <ArrayItem>1990.83</ArrayItem>
    <ArrayItem>2377.79</ArrayItem>
  </CurrentValue>
</persistentitem><persistentitem id="8d476871-dad7-40b9-8964-67c0dfcdc660">
  <Variable name="Mark_CCD6Angle0" persistentState="Global" type="Matrox.DesignAssistant.Core.Flowcharts.ArrayVariable`1[[Matrox.DesignAssistant.Core.CommonTypes.ListWithMaxCount`1[[System.Double, mscorlib, Version=4.0.0.0, Culture=neutral, PublicKeyToken=b77a5c561934e089]], Matrox.DesignAssistant.Core, Version=7.0.214.0, Culture=neutral, PublicKeyToken=726f03a4652993c7]], Matrox.DesignAssistant.Core, Version=7.0.214.0, Culture=neutral, PublicKeyToken=726f03a4652993c7" linkedAssemblies="Matrox.DesignAssistant.Core, Version=7.0.214.0, Culture=neutral, PublicKeyToken=726f03a4652993c7" description="" typeName="Numeric array" maxCount="2147483647" id="8d476871-dad7-40b9-8964-67c0dfcdc660" modificationid="17df1436-86e7-4836-b660-541b37f5fc63" Version="7.0.214.0">
    <inputs>
      <input name="InitialValue">
        <expression>
          <expression-string>StoredValue</expression-string>
        </expression>
      </input>
      <input name="ResetPoint">
        <expression>
          <expression-string>NeverReset</expression-string>
        </expression>
      </input>
    </inputs>
    <userXML />
  </Variable>
  <CurrentValue valueHasNotBeenSet="False" currentValue="[(1) 2063.64, (2) 2379.12]">
    <ArrayItem>2063.64</ArrayItem>
    <ArrayItem>2379.12</ArrayItem>
  </CurrentValue>
</persistentitem><persistentitem id="fa39a1f8-8388-4955-aa75-173c145f71f4" milstreamsdirname="MILStreams\MainFlowchart" milstreamfilenameprefix="Status">
  <step name="Status" persistentState="Global" type="Matrox.DesignAssistant.Core.Flowcharts.StatusStep.Status, Matrox.DesignAssistant.Core, Version=7.0.214.0, Culture=neutral, PublicKeyToken=726f03a4652993c7" id="fa39a1f8-8388-4955-aa75-173c145f71f4" modificationid="18356464-9425-456b-b210-7fe16dc9b8c3" Version="7.0.214.0">
    <inputs>
      <input name="AssociatedStatusStep">
        <expression>
          <expression-string>None</expression-string>
        </expression>
      </input>
      <input name="Comment">
        <expression>
          <expression-string></expression-string>
        </expression>
      </input>
      <objectCollection name="Conditions" type="Matrox.DesignAssistant.Core.Flowcharts.StatusStep.StatusConditionsCollection, Matrox.DesignAssistant.Core, Version=7.0.214.0, Culture=neutral, PublicKeyToken=726f03a4652993c7" id="4161b3f3-39f5-4db3-9401-938b8e7b4fb4" Version="7.0.214.0">
        <expression>
          <expression-string></expression-string>
        </expression>
        <collectionItems />
        <userXML />
      </objectCollection>
      <input name="CreateAutomaticLabels">
        <expression>
          <expression-string>True</expression-string>
        </expression>
      </input>
      <subObject name="ErrorCaughtInspectionLabel" type="Matrox.DesignAssistant.Core.Projects.BaseLabel, Matrox.DesignAssistant.Core, Version=7.0.214.0, Culture=neutral, PublicKeyToken=726f03a4652993c7" id="68f5ad3b-065a-414f-a18e-581dafb4b6ad" Version="7.0.214.0">
        <expression>
          <expression-string></expression-string>
        </expression>
        <inputs>
          <input name="Background">
            <expression>
              <expression-string>-65536</expression-string>
            </expression>
          </input>
          <input name="Condition">
            <expression>
              <expression-string need-link-container="True">Status.ErrorCaught=True</expression-string>
            </expression>
          </input>
          <input name="DesignTimeVisible">
            <expression>
              <expression-string>True</expression-string>
            </expression>
          </input>
          <input name="Foreground">
            <expression>
              <expression-string>-1</expression-string>
            </expression>
          </input>
          <input name="RuntimeVisible">
            <expression>
              <expression-string>True</expression-string>
            </expression>
          </input>
          <input name="Type">
            <expression>
              <expression-string>StatusCondition</expression-string>
            </expression>
          </input>
          <input name="Value">
            <expression>
              <expression-string>None</expression-string>
            </expression>
          </input>
        </inputs>
        <userXML>
          <AutomaticName>ErrorCaught</AutomaticName>
        </userXML>
      </subObject>
      <subObject name="FailInspectionLabel" type="Matrox.DesignAssistant.Core.Projects.BaseLabel, Matrox.DesignAssistant.Core, Version=7.0.214.0, Culture=neutral, PublicKeyToken=726f03a4652993c7" id="9a02659a-1314-4f21-96b1-8f6f1e71957d" Version="7.0.214.0">
        <expression>
          <expression-string></expression-string>
        </expression>
        <inputs>
          <input name="Background">
            <expression>
              <expression-string>-65536</expression-string>
            </expression>
          </input>
          <input name="Condition">
            <expression>
              <expression-string need-link-container="True">Status.Result=Fail</expression-string>
            </expression>
          </input>
          <input name="DesignTimeVisible">
            <expression>
              <expression-string>True</expression-string>
            </expression>
          </input>
          <input name="Foreground">
            <expression>
              <expression-string>-1</expression-string>
            </expression>
          </input>
          <input name="RuntimeVisible">
            <expression>
              <expression-string>True</expression-string>
            </expression>
          </input>
          <input name="Type">
            <expression>
              <expression-string>StatusCondition</expression-string>
            </expression>
          </input>
          <input name="Value">
            <expression>
              <expression-string>None</expression-string>
            </expression>
          </input>
        </inputs>
        <userXML>
          <AutomaticName>Fail</AutomaticName>
        </userXML>
      </subObject>
      <subObject name="PassInspectionLabel" type="Matrox.DesignAssistant.Core.Projects.BaseLabel, Matrox.DesignAssistant.Core, Version=7.0.214.0, Culture=neutral, PublicKeyToken=726f03a4652993c7" id="5e44a278-7125-474b-8734-920991c77d06" Version="7.0.214.0">
        <expression>
          <expression-string></expression-string>
        </expression>
        <inputs>
          <input name="Background">
            <expression>
              <expression-string>-16744448</expression-string>
            </expression>
          </input>
          <input name="Condition">
            <expression>
              <expression-string need-link-container="True">Status.Result=Pass</expression-string>
            </expression>
          </input>
          <input name="DesignTimeVisible">
            <expression>
              <expression-string>True</expression-string>
            </expression>
          </input>
          <input name="Foreground">
            <expression>
              <expression-string>-1</expression-string>
            </expression>
          </input>
          <input name="RuntimeVisible">
            <expression>
              <expression-string>True</expression-string>
            </expression>
          </input>
          <input name="Type">
            <expression>
              <expression-string>StatusCondition</expression-string>
            </expression>
          </input>
          <input name="Value">
            <expression>
              <expression-string>None</expression-string>
            </expression>
          </input>
        </inputs>
        <userXML>
          <AutomaticName>Pass</AutomaticName>
        </userXML>
      </subObject>
      <input name="ResetPoint">
        <expression>
          <expression-string>NeverReset</expression-string>
        </expression>
      </input>
      <input name="Suspended">
        <expression>
          <expression-string>False</expression-string>
        </expression>
      </input>
    </inputs>
    <userXML />
  </step>
</persistentitem><persistentitem id="c2a700eb-8953-4669-9d7b-9ee7c10084bf" milstreamsdirname="MILStreams\OnAddRecipeButtonClick" milstreamfilenameprefix="CreateRecipe">
  <step name="CreateRecipe" persistentState="Global" type="Matrox.DesignAssistant.Steps.PersistencePackage.CreateRecipe, Matrox.DesignAssistant.Steps.PersistencePackage, Version=7.0.214.0, Culture=neutral, PublicKeyToken=726f03a4652993c7" id="c2a700eb-8953-4669-9d7b-9ee7c10084bf" modificationid="a7be83d2-595d-4120-9b9a-3e02e7cacc51" Version="7.0.214.0">
    <inputs>
      <input name="Comment">
        <expression>
          <expression-string></expression-string>
        </expression>
      </input>
      <input name="GenerateAutoID">
        <expression>
          <expression-string>False</expression-string>
        </expression>
      </input>
      <input name="RecipeID">
        <expression>
          <expression-string>COUNT(RECIPEIDS())</expression-string>
        </expression>
      </input>
      <input name="RecipeName">
        <expression>
          <expression-string>NewRecipe</expression-string>
        </expression>
      </input>
      <input name="ResetPoint">
        <expression>
          <expression-string>InspectionStart</expression-string>
        </expression>
      </input>
      <input name="SwitchToNewRecipe">
        <expression>
          <expression-string>True</expression-string>
        </expression>
      </input>
    </inputs>
    <userXML />
  </step>
</persistentitem></persistence>