﻿<?xml version="1.0" encoding="utf-8" standalone="yes"?>
<counterdata>
  <step name="ImageWriterCopy2" id="900933b2-15dc-4e2d-aaad-28742ecce07c">
    <data name="NextImageIndex">
      <value>0</value>
    </data>
  </step>
  <step name="ImageWriterCopy3" id="8da5ca53-8167-4349-8792-b88d80cf2b57">
    <data name="NextImageIndex">
      <value>0</value>
    </data>
  </step>
  <step name="ImageWriterCopy5" id="a43d56a0-0a35-4da3-9496-47149c1e9134">
    <data name="NextImageIndex">
      <value>0</value>
    </data>
  </step>
  <step name="ImageWriterCopy4" id="90327e1a-282f-4333-9e19-e45fcf50d555">
    <data name="NextImageIndex">
      <value>0</value>
    </data>
  </step>
  <step name="ImageWriterCopy8" id="610ed055-b7ae-429a-8d63-032462c1505f">
    <data name="NextImageIndex">
      <value>0</value>
    </data>
  </step>
  <step name="ImageWriterCopy6" id="f0c762e8-14b5-4d37-a0f2-fc99c7ef94ba">
    <data name="NextImageIndex">
      <value>0</value>
    </data>
  </step>
  <step name="ImageWriterCopy11" id="47d078ae-7dd4-4cec-b1d5-1c2c58087208">
    <data name="NextImageIndex">
      <value>0</value>
    </data>
  </step>
  <step name="ImageWriterCopy7" id="eda3b7de-fdd2-46c1-8934-92fa9cc90a94">
    <data name="NextImageIndex">
      <value>0</value>
    </data>
  </step>
  <step name="ImageWriterCopy14" id="e272e302-f97c-4ecb-b6f7-2759833f8469">
    <data name="NextImageIndex">
      <value>0</value>
    </data>
  </step>
  <step name="ImageWriterCopy9" id="3d04fd4b-4120-4692-be83-f464198bdeee">
    <data name="NextImageIndex">
      <value>0</value>
    </data>
  </step>
  <step name="ImageWriterCopy17" id="c03746e0-dab8-4387-8bf6-4427044e4849">
    <data name="NextImageIndex">
      <value>0</value>
    </data>
  </step>
  <step name="ImageWriterCopy10" id="ac70da49-f9e3-4886-842c-49ab2a27b42e">
    <data name="NextImageIndex">
      <value>0</value>
    </data>
  </step>
  <step name="ImageWriterCopy20" id="9aad0e13-0d09-429f-a74a-a9df5b341410">
    <data name="NextImageIndex">
      <value>0</value>
    </data>
  </step>
  <step name="ImageWriterCopy12" id="069b5283-3720-4f46-a7ca-8f18db9c2421">
    <data name="NextImageIndex">
      <value>0</value>
    </data>
  </step>
  <step name="ImageWriterCopy23" id="7901df50-5238-4e33-81ed-970f0f0e1773">
    <data name="NextImageIndex">
      <value>0</value>
    </data>
  </step>
  <step name="ImageWriterCopy13" id="144ccd0c-4eef-4917-a81c-525caaa660a0">
    <data name="NextImageIndex">
      <value>2</value>
    </data>
  </step>
  <step name="ImageWriter" id="ae67c863-d848-4c95-bca1-3e2c714ec2b6">
    <data name="NextImageIndex">
      <value>0</value>
    </data>
  </step>
  <step name="ImageWriterCopy" id="4d0dcbf8-b543-48e6-9067-4c03cc2ea8f2">
    <data name="NextImageIndex">
      <value>0</value>
    </data>
  </step>
  <step name="Status2" id="41b860cd-24ee-48e7-a538-75f9f73530f9">
    <data name="CurrentPassCount">
      <value>0</value>
    </data>
    <data name="CurrentFailCount">
      <value>3</value>
    </data>
    <data name="CurrentTotalCount">
      <value>3</value>
    </data>
    <data name="CurrentErrorCount">
      <value>3</value>
    </data>
  </step>
  <step name="Status" id="fa39a1f8-8388-4955-aa75-173c145f71f4">
    <data name="CurrentPassCount">
      <value>368</value>
    </data>
    <data name="CurrentFailCount">
      <value>594</value>
    </data>
    <data name="CurrentTotalCount">
      <value>962</value>
    </data>
    <data name="CurrentErrorCount">
      <value>593</value>
    </data>
  </step>
</counterdata>