﻿<?xml version="1.0" encoding="utf-8" standalone="yes"?>
<persistence><persistentitem id="6d0030bb-bae0-4aaa-b7d3-5f22329817da">
  <Variable name="Spec_A_X" persistentState="Global" type="Matrox.DesignAssistant.Core.Flowcharts.DoubleVariable, Matrox.DesignAssistant.Core, Version=7.0.214.0, Culture=neutral, PublicKeyToken=726f03a4652993c7" linkedAssemblies="Matrox.DesignAssistant.Core, Version=7.0.214.0, Culture=neutral, PublicKeyToken=726f03a4652993c7" description="" typeName="Numeric" id="6d0030bb-bae0-4aaa-b7d3-5f22329817da" modificationid="24fee952-8957-4507-a52f-1b62c3ab4f5d" Version="7.0.214.0">
    <inputs>
      <input name="InitialValue">
        <expression>
          <expression-string>StoredValue</expression-string>
        </expression>
      </input>
      <input name="ResetPoint">
        <expression>
          <expression-string>NeverReset</expression-string>
        </expression>
      </input>
    </inputs>
    <userXML />
  </Variable>
  <CurrentValue valueHasNotBeenSet="False" currentValue="1029.5" />
</persistentitem><persistentitem id="084f92ed-0061-4e10-bea1-3f44f611a99a">
  <Variable name="Spec_A_Y" persistentState="Global" type="Matrox.DesignAssistant.Core.Flowcharts.DoubleVariable, Matrox.DesignAssistant.Core, Version=7.0.214.0, Culture=neutral, PublicKeyToken=726f03a4652993c7" linkedAssemblies="Matrox.DesignAssistant.Core, Version=7.0.214.0, Culture=neutral, PublicKeyToken=726f03a4652993c7" description="" typeName="Numeric" id="084f92ed-0061-4e10-bea1-3f44f611a99a" modificationid="c5f6eabd-285d-4642-83bc-c8a1b0578570" Version="7.0.214.0">
    <inputs>
      <input name="InitialValue">
        <expression>
          <expression-string>StoredValue</expression-string>
        </expression>
      </input>
      <input name="ResetPoint">
        <expression>
          <expression-string>NeverReset</expression-string>
        </expression>
      </input>
    </inputs>
    <userXML />
  </Variable>
  <CurrentValue valueHasNotBeenSet="False" currentValue="665.5" />
</persistentitem><persistentitem id="b4830ead-5f79-4140-bf51-8117a56e20bc">
  <Variable name="Spec_B_X" persistentState="Global" type="Matrox.DesignAssistant.Core.Flowcharts.DoubleVariable, Matrox.DesignAssistant.Core, Version=7.0.214.0, Culture=neutral, PublicKeyToken=726f03a4652993c7" linkedAssemblies="Matrox.DesignAssistant.Core, Version=7.0.214.0, Culture=neutral, PublicKeyToken=726f03a4652993c7" description="" typeName="Numeric" id="b4830ead-5f79-4140-bf51-8117a56e20bc" modificationid="250d5482-d901-4027-ac08-3456f71f0b71" Version="7.0.214.0">
    <inputs>
      <input name="InitialValue">
        <expression>
          <expression-string>StoredValue</expression-string>
        </expression>
      </input>
      <input name="ResetPoint">
        <expression>
          <expression-string>NeverReset</expression-string>
        </expression>
      </input>
    </inputs>
    <userXML />
  </Variable>
  <CurrentValue valueHasNotBeenSet="False" currentValue="1034" />
</persistentitem><persistentitem id="590c3fe1-0ac3-42fc-8923-0cab31f3fe24">
  <Variable name="Spec_B_Y" persistentState="Global" type="Matrox.DesignAssistant.Core.Flowcharts.DoubleVariable, Matrox.DesignAssistant.Core, Version=7.0.214.0, Culture=neutral, PublicKeyToken=726f03a4652993c7" linkedAssemblies="Matrox.DesignAssistant.Core, Version=7.0.214.0, Culture=neutral, PublicKeyToken=726f03a4652993c7" description="" typeName="Numeric" id="590c3fe1-0ac3-42fc-8923-0cab31f3fe24" modificationid="db424b9f-f53d-4b96-b836-e3584b600925" Version="7.0.214.0">
    <inputs>
      <input name="InitialValue">
        <expression>
          <expression-string>StoredValue</expression-string>
        </expression>
      </input>
      <input name="ResetPoint">
        <expression>
          <expression-string>NeverReset</expression-string>
        </expression>
      </input>
    </inputs>
    <userXML />
  </Variable>
  <CurrentValue valueHasNotBeenSet="False" currentValue="1468.5" />
</persistentitem><persistentitem id="a822b06f-ece3-4169-be8e-b62c80338c11">
  <Variable name="Spec_Resolution" persistentState="Global" type="Matrox.DesignAssistant.Core.Flowcharts.DoubleVariable, Matrox.DesignAssistant.Core, Version=7.0.214.0, Culture=neutral, PublicKeyToken=726f03a4652993c7" linkedAssemblies="Matrox.DesignAssistant.Core, Version=7.0.214.0, Culture=neutral, PublicKeyToken=726f03a4652993c7" description="" typeName="Numeric" id="a822b06f-ece3-4169-be8e-b62c80338c11" modificationid="d69fb36f-ad1d-4c86-9b23-0ea108ee30a4" Version="7.0.214.0">
    <inputs>
      <input name="InitialValue">
        <expression>
          <expression-string>StoredValue</expression-string>
        </expression>
      </input>
      <input name="ResetPoint">
        <expression>
          <expression-string>NeverReset</expression-string>
        </expression>
      </input>
    </inputs>
    <userXML />
  </Variable>
  <CurrentValue valueHasNotBeenSet="False" currentValue="1.15" />
</persistentitem><persistentitem id="70f48803-9b95-4c2a-98f6-b11826cdb61d">
  <Variable name="CCD5_X" persistentState="Global" type="Matrox.DesignAssistant.Core.Flowcharts.DoubleVariable, Matrox.DesignAssistant.Core, Version=7.0.214.0, Culture=neutral, PublicKeyToken=726f03a4652993c7" linkedAssemblies="Matrox.DesignAssistant.Core, Version=7.0.214.0, Culture=neutral, PublicKeyToken=726f03a4652993c7" description="" typeName="Numeric" id="70f48803-9b95-4c2a-98f6-b11826cdb61d" modificationid="eb105ef8-e0a4-497d-887b-367ab70322e7" Version="7.0.214.0">
    <inputs>
      <input name="InitialValue">
        <expression>
          <expression-string>StoredValue</expression-string>
        </expression>
      </input>
      <input name="ResetPoint">
        <expression>
          <expression-string>NeverReset</expression-string>
        </expression>
      </input>
    </inputs>
    <userXML />
  </Variable>
  <CurrentValue valueHasNotBeenSet="False" currentValue="-89334.9" />
</persistentitem><persistentitem id="487c8012-55fc-4653-a7ae-f95699c318f9">
  <Variable name="CCD5_Y" persistentState="Global" type="Matrox.DesignAssistant.Core.Flowcharts.DoubleVariable, Matrox.DesignAssistant.Core, Version=7.0.214.0, Culture=neutral, PublicKeyToken=726f03a4652993c7" linkedAssemblies="Matrox.DesignAssistant.Core, Version=7.0.214.0, Culture=neutral, PublicKeyToken=726f03a4652993c7" description="" typeName="Numeric" id="487c8012-55fc-4653-a7ae-f95699c318f9" modificationid="4a9ece5f-439b-46e2-bd0d-7dcf54ef542c" Version="7.0.214.0">
    <inputs>
      <input name="InitialValue">
        <expression>
          <expression-string>StoredValue</expression-string>
        </expression>
      </input>
      <input name="ResetPoint">
        <expression>
          <expression-string>NeverReset</expression-string>
        </expression>
      </input>
    </inputs>
    <userXML />
  </Variable>
  <CurrentValue valueHasNotBeenSet="False" currentValue="74985.9" />
</persistentitem><persistentitem id="b9f0d66b-da68-4bb9-8ad2-bfec04026239">
  <Variable name="CCD6_X" persistentState="Global" type="Matrox.DesignAssistant.Core.Flowcharts.DoubleVariable, Matrox.DesignAssistant.Core, Version=7.0.214.0, Culture=neutral, PublicKeyToken=726f03a4652993c7" linkedAssemblies="Matrox.DesignAssistant.Core, Version=7.0.214.0, Culture=neutral, PublicKeyToken=726f03a4652993c7" description="" typeName="Numeric" id="b9f0d66b-da68-4bb9-8ad2-bfec04026239" modificationid="93f52f6c-a815-4eae-8f4b-97dd6f8a5bac" Version="7.0.214.0">
    <inputs>
      <input name="InitialValue">
        <expression>
          <expression-string>StoredValue</expression-string>
        </expression>
      </input>
      <input name="ResetPoint">
        <expression>
          <expression-string>NeverReset</expression-string>
        </expression>
      </input>
    </inputs>
    <userXML />
  </Variable>
  <CurrentValue valueHasNotBeenSet="False" currentValue="83531.7" />
</persistentitem><persistentitem id="9c833620-333c-46a9-a722-a570762448ae">
  <Variable name="CCD6_Y" persistentState="Global" type="Matrox.DesignAssistant.Core.Flowcharts.DoubleVariable, Matrox.DesignAssistant.Core, Version=7.0.214.0, Culture=neutral, PublicKeyToken=726f03a4652993c7" linkedAssemblies="Matrox.DesignAssistant.Core, Version=7.0.214.0, Culture=neutral, PublicKeyToken=726f03a4652993c7" description="" typeName="Numeric" id="9c833620-333c-46a9-a722-a570762448ae" modificationid="e03be12b-a88d-4e8c-aa31-964a742622d6" Version="7.0.214.0">
    <inputs>
      <input name="InitialValue">
        <expression>
          <expression-string>StoredValue</expression-string>
        </expression>
      </input>
      <input name="ResetPoint">
        <expression>
          <expression-string>NeverReset</expression-string>
        </expression>
      </input>
    </inputs>
    <userXML />
  </Variable>
  <CurrentValue valueHasNotBeenSet="False" currentValue="76301.7" />
</persistentitem><persistentitem id="f5a5cb6d-2b06-4d5b-ac53-8d011b7d3399">
  <Variable name="Mark_CCD5Angle0" persistentState="Global" type="Matrox.DesignAssistant.Core.Flowcharts.ArrayVariable`1[[Matrox.DesignAssistant.Core.CommonTypes.ListWithMaxCount`1[[System.Double, mscorlib, Version=4.0.0.0, Culture=neutral, PublicKeyToken=b77a5c561934e089]], Matrox.DesignAssistant.Core, Version=7.0.214.0, Culture=neutral, PublicKeyToken=726f03a4652993c7]], Matrox.DesignAssistant.Core, Version=7.0.214.0, Culture=neutral, PublicKeyToken=726f03a4652993c7" linkedAssemblies="Matrox.DesignAssistant.Core, Version=7.0.214.0, Culture=neutral, PublicKeyToken=726f03a4652993c7" description="" typeName="Numeric array" maxCount="2147483647" id="f5a5cb6d-2b06-4d5b-ac53-8d011b7d3399" modificationid="affad75d-5531-49b1-9203-e11a1e0ec7d1" Version="7.0.214.0">
    <inputs>
      <input name="InitialValue">
        <expression>
          <expression-string>StoredValue</expression-string>
        </expression>
      </input>
      <input name="ResetPoint">
        <expression>
          <expression-string>NeverReset</expression-string>
        </expression>
      </input>
    </inputs>
    <userXML />
  </Variable>
  <CurrentValue valueHasNotBeenSet="False" currentValue="[(1) 1990.83, (2) 2377.79]">
    <ArrayItem>1990.83</ArrayItem>
    <ArrayItem>2377.79</ArrayItem>
  </CurrentValue>
</persistentitem><persistentitem id="8d476871-dad7-40b9-8964-67c0dfcdc660">
  <Variable name="Mark_CCD6Angle0" persistentState="Global" type="Matrox.DesignAssistant.Core.Flowcharts.ArrayVariable`1[[Matrox.DesignAssistant.Core.CommonTypes.ListWithMaxCount`1[[System.Double, mscorlib, Version=4.0.0.0, Culture=neutral, PublicKeyToken=b77a5c561934e089]], Matrox.DesignAssistant.Core, Version=7.0.214.0, Culture=neutral, PublicKeyToken=726f03a4652993c7]], Matrox.DesignAssistant.Core, Version=7.0.214.0, Culture=neutral, PublicKeyToken=726f03a4652993c7" linkedAssemblies="Matrox.DesignAssistant.Core, Version=7.0.214.0, Culture=neutral, PublicKeyToken=726f03a4652993c7" description="" typeName="Numeric array" maxCount="2147483647" id="8d476871-dad7-40b9-8964-67c0dfcdc660" modificationid="17df1436-86e7-4836-b660-541b37f5fc63" Version="7.0.214.0">
    <inputs>
      <input name="InitialValue">
        <expression>
          <expression-string>StoredValue</expression-string>
        </expression>
      </input>
      <input name="ResetPoint">
        <expression>
          <expression-string>NeverReset</expression-string>
        </expression>
      </input>
    </inputs>
    <userXML />
  </Variable>
  <CurrentValue valueHasNotBeenSet="False" currentValue="[(1) 2063.64, (2) 2379.12]">
    <ArrayItem>2063.64</ArrayItem>
    <ArrayItem>2379.12</ArrayItem>
  </CurrentValue>
</persistentitem><persistentitem id="beb74342-0a63-4c76-b44a-2c664f3673a9">
  <Variable name="Spec_Resolution" persistentState="Global" type="Matrox.DesignAssistant.Core.Flowcharts.DoubleVariable, Matrox.DesignAssistant.Core, Version=7.0.214.0, Culture=neutral, PublicKeyToken=726f03a4652993c7" linkedAssemblies="Matrox.DesignAssistant.Core, Version=7.0.214.0, Culture=neutral, PublicKeyToken=726f03a4652993c7" description="" typeName="Numeric" id="beb74342-0a63-4c76-b44a-2c664f3673a9" modificationid="965a750b-6abf-4333-918b-515aee3a320d" Version="7.0.214.0">
    <inputs>
      <input name="InitialValue">
        <expression>
          <expression-string>StoredValue</expression-string>
        </expression>
      </input>
      <input name="ResetPoint">
        <expression>
          <expression-string>NeverReset</expression-string>
        </expression>
      </input>
    </inputs>
    <userXML />
  </Variable>
  <CurrentValue valueHasNotBeenSet="False" currentValue="1.15" />
</persistentitem><persistentitem id="900933b2-15dc-4e2d-aaad-28742ecce07c" milstreamsdirname="MILStreams\WriteExcel" milstreamfilenameprefix="ImageWriterCopy2">
  <step name="ImageWriterCopy2" persistentState="Global" type="Matrox.DesignAssistant.Steps.ImageWriterPackage.ImageWriter, Matrox.DesignAssistant.Steps.ImageWriterPackage, Version=7.0.214.0, Culture=neutral, PublicKeyToken=726f03a4652993c7" id="900933b2-15dc-4e2d-aaad-28742ecce07c" modificationid="7e4d5a5f-3ded-463c-b5e6-2fc21ad12b28" Version="7.0.214.0">
    <inputs>
      <objectCollection name="Annotations" type="Matrox.DesignAssistant.Core.Annotations.AnnotationCollection, Matrox.DesignAssistant.Core, Version=7.0.214.0, Culture=neutral, PublicKeyToken=726f03a4652993c7" id="59193254-d189-4d4a-94f0-e532b0f6bdb6" Version="7.0.214.0">
        <expression>
          <expression-string></expression-string>
        </expression>
        <collectionItems />
        <userXML />
      </objectCollection>
      <input name="StartIndex">
        <expression>
          <expression-string>1</expression-string>
        </expression>
      </input>
      <input name="EndIndex">
        <expression>
          <expression-string>1</expression-string>
        </expression>
      </input>
      <input name="NumberedFiles">
        <expression>
          <expression-string>False</expression-string>
        </expression>
      </input>
      <input name="RootName">
        <expression>
          <expression-string>PreReview</expression-string>
        </expression>
      </input>
      <input name="Comment">
        <expression>
          <expression-string></expression-string>
        </expression>
      </input>
      <input name="Container">
        <expression>
          <expression-string>Camera_CCD5.Container</expression-string>
        </expression>
      </input>
      <input name="Mode">
        <expression>
          <expression-string>SaveImage</expression-string>
        </expression>
      </input>
      <input name="ResetPoint">
        <expression>
          <expression-string>InspectionStart</expression-string>
        </expression>
      </input>
      <input name="ResizeImage">
        <expression>
          <expression-string>False</expression-string>
        </expression>
      </input>
      <input name="ResizeSizeX">
        <expression>
          <expression-string>1280</expression-string>
        </expression>
      </input>
      <input name="ResizeSizeY">
        <expression>
          <expression-string>1024</expression-string>
        </expression>
      </input>
      <input name="SidecarText">
        <expression>
          <expression-string></expression-string>
        </expression>
      </input>
      <input name="WriteSidecarFile">
        <expression>
          <expression-string>False</expression-string>
        </expression>
      </input>
      <input name="Image">
        <expression>
          <expression-string>Flowcharts("DisPlayXXYTableImg").Variables.XXY_111_Img</expression-string>
        </expression>
      </input>
      <input name="Region">
        <expression>
          <expression-string>WholeImage</expression-string>
        </expression>
      </input>
      <input name="FileType">
        <expression>
          <expression-string>BMP</expression-string>
        </expression>
      </input>
      <input name="Quality">
        <expression>
          <expression-string>100</expression-string>
        </expression>
      </input>
      <input name="Colormap">
        <expression>
          <expression-string>Default</expression-string>
        </expression>
      </input>
      <input name="Path">
        <expression>
          <expression-string need-link-container="True">D:\\Tiling\\{DATETIME("yyyyMMdd")}\\{Variables.FrameID}\\{Variables.GlassID}_{Variables.Position}_{DATETIME("HH-mm")}\\</expression-string>
        </expression>
      </input>
      <input name="AppendCurrentRecipe">
        <expression>
          <expression-string>False</expression-string>
        </expression>
      </input>
    </inputs>
    <userXML />
  </step>
</persistentitem><persistentitem id="8da5ca53-8167-4349-8792-b88d80cf2b57" milstreamsdirname="MILStreams\WriteExcel" milstreamfilenameprefix="ImageWriterCopy3">
  <step name="ImageWriterCopy3" persistentState="Global" type="Matrox.DesignAssistant.Steps.ImageWriterPackage.ImageWriter, Matrox.DesignAssistant.Steps.ImageWriterPackage, Version=7.0.214.0, Culture=neutral, PublicKeyToken=726f03a4652993c7" id="8da5ca53-8167-4349-8792-b88d80cf2b57" modificationid="5aa593dd-0ade-4eec-809a-1ecdead5952a" Version="7.0.214.0">
    <inputs>
      <objectCollection name="Annotations" type="Matrox.DesignAssistant.Core.Annotations.AnnotationCollection, Matrox.DesignAssistant.Core, Version=7.0.214.0, Culture=neutral, PublicKeyToken=726f03a4652993c7" id="ca90fc3c-41e1-4c11-9b38-ce47b1ea0f9b" Version="7.0.214.0">
        <expression>
          <expression-string></expression-string>
        </expression>
        <collectionItems />
        <userXML />
      </objectCollection>
      <input name="StartIndex">
        <expression>
          <expression-string>1</expression-string>
        </expression>
      </input>
      <input name="EndIndex">
        <expression>
          <expression-string>1</expression-string>
        </expression>
      </input>
      <input name="NumberedFiles">
        <expression>
          <expression-string>False</expression-string>
        </expression>
      </input>
      <input name="RootName">
        <expression>
          <expression-string>Review_CCD6</expression-string>
        </expression>
      </input>
      <input name="Comment">
        <expression>
          <expression-string></expression-string>
        </expression>
      </input>
      <input name="Container">
        <expression>
          <expression-string>Camera_CCD5.Container</expression-string>
        </expression>
      </input>
      <input name="Mode">
        <expression>
          <expression-string>SaveImage</expression-string>
        </expression>
      </input>
      <input name="ResetPoint">
        <expression>
          <expression-string>InspectionStart</expression-string>
        </expression>
      </input>
      <input name="ResizeImage">
        <expression>
          <expression-string>False</expression-string>
        </expression>
      </input>
      <input name="ResizeSizeX">
        <expression>
          <expression-string>1280</expression-string>
        </expression>
      </input>
      <input name="ResizeSizeY">
        <expression>
          <expression-string>1024</expression-string>
        </expression>
      </input>
      <input name="SidecarText">
        <expression>
          <expression-string></expression-string>
        </expression>
      </input>
      <input name="WriteSidecarFile">
        <expression>
          <expression-string>False</expression-string>
        </expression>
      </input>
      <input name="Image">
        <expression>
          <expression-string>Flowcharts("ReviewImgWrite").Variables.Store_211_Img</expression-string>
        </expression>
      </input>
      <input name="Region">
        <expression>
          <expression-string>WholeImage</expression-string>
        </expression>
      </input>
      <input name="FileType">
        <expression>
          <expression-string>BMP</expression-string>
        </expression>
      </input>
      <input name="Quality">
        <expression>
          <expression-string>100</expression-string>
        </expression>
      </input>
      <input name="Colormap">
        <expression>
          <expression-string>Default</expression-string>
        </expression>
      </input>
      <input name="Path">
        <expression>
          <expression-string need-link-container="True">D:\\Tiling\\{DATETIME("yyyyMMdd")}\\{Variables.FrameID}\\{Variables.GlassID}_{Variables.Position}_{DATETIME("HH-mm")}\\</expression-string>
        </expression>
      </input>
      <input name="AppendCurrentRecipe">
        <expression>
          <expression-string>False</expression-string>
        </expression>
      </input>
    </inputs>
    <userXML />
  </step>
</persistentitem><persistentitem id="a43d56a0-0a35-4da3-9496-47149c1e9134" milstreamsdirname="MILStreams\WriteExcel" milstreamfilenameprefix="ImageWriterCopy5">
  <step name="ImageWriterCopy5" persistentState="Global" type="Matrox.DesignAssistant.Steps.ImageWriterPackage.ImageWriter, Matrox.DesignAssistant.Steps.ImageWriterPackage, Version=7.0.214.0, Culture=neutral, PublicKeyToken=726f03a4652993c7" id="a43d56a0-0a35-4da3-9496-47149c1e9134" modificationid="8e8a8dce-3b34-490c-980b-17aab2fc0e71" Version="7.0.214.0">
    <inputs>
      <objectCollection name="Annotations" type="Matrox.DesignAssistant.Core.Annotations.AnnotationCollection, Matrox.DesignAssistant.Core, Version=7.0.214.0, Culture=neutral, PublicKeyToken=726f03a4652993c7" id="21c7cf28-f350-467c-917d-ea26b1e888d9" Version="7.0.214.0">
        <expression>
          <expression-string></expression-string>
        </expression>
        <collectionItems />
        <userXML />
      </objectCollection>
      <input name="StartIndex">
        <expression>
          <expression-string>1</expression-string>
        </expression>
      </input>
      <input name="EndIndex">
        <expression>
          <expression-string>1</expression-string>
        </expression>
      </input>
      <input name="NumberedFiles">
        <expression>
          <expression-string>False</expression-string>
        </expression>
      </input>
      <input name="RootName">
        <expression>
          <expression-string>PreReview</expression-string>
        </expression>
      </input>
      <input name="Comment">
        <expression>
          <expression-string></expression-string>
        </expression>
      </input>
      <input name="Container">
        <expression>
          <expression-string>Camera_CCD5.Container</expression-string>
        </expression>
      </input>
      <input name="Mode">
        <expression>
          <expression-string>SaveImage</expression-string>
        </expression>
      </input>
      <input name="ResetPoint">
        <expression>
          <expression-string>InspectionStart</expression-string>
        </expression>
      </input>
      <input name="ResizeImage">
        <expression>
          <expression-string>False</expression-string>
        </expression>
      </input>
      <input name="ResizeSizeX">
        <expression>
          <expression-string>1280</expression-string>
        </expression>
      </input>
      <input name="ResizeSizeY">
        <expression>
          <expression-string>1024</expression-string>
        </expression>
      </input>
      <input name="SidecarText">
        <expression>
          <expression-string></expression-string>
        </expression>
      </input>
      <input name="WriteSidecarFile">
        <expression>
          <expression-string>False</expression-string>
        </expression>
      </input>
      <input name="Image">
        <expression>
          <expression-string>Flowcharts("DisPlayXXYTableImg").Variables.XXY_112_Img</expression-string>
        </expression>
      </input>
      <input name="Region">
        <expression>
          <expression-string>WholeImage</expression-string>
        </expression>
      </input>
      <input name="FileType">
        <expression>
          <expression-string>BMP</expression-string>
        </expression>
      </input>
      <input name="Quality">
        <expression>
          <expression-string>100</expression-string>
        </expression>
      </input>
      <input name="Colormap">
        <expression>
          <expression-string>Default</expression-string>
        </expression>
      </input>
      <input name="Path">
        <expression>
          <expression-string need-link-container="True">D:\\Tiling\\{DATETIME("yyyyMMdd")}\\{Variables.FrameID}\\{Variables.GlassID}_{Variables.Position}_{DATETIME("HH-mm")}\\</expression-string>
        </expression>
      </input>
      <input name="AppendCurrentRecipe">
        <expression>
          <expression-string>False</expression-string>
        </expression>
      </input>
    </inputs>
    <userXML />
  </step>
</persistentitem><persistentitem id="90327e1a-282f-4333-9e19-e45fcf50d555" milstreamsdirname="MILStreams\WriteExcel" milstreamfilenameprefix="ImageWriterCopy4">
  <step name="ImageWriterCopy4" persistentState="Global" type="Matrox.DesignAssistant.Steps.ImageWriterPackage.ImageWriter, Matrox.DesignAssistant.Steps.ImageWriterPackage, Version=7.0.214.0, Culture=neutral, PublicKeyToken=726f03a4652993c7" id="90327e1a-282f-4333-9e19-e45fcf50d555" modificationid="7f04b37a-dbcc-494f-a706-8b87344f9667" Version="7.0.214.0">
    <inputs>
      <objectCollection name="Annotations" type="Matrox.DesignAssistant.Core.Annotations.AnnotationCollection, Matrox.DesignAssistant.Core, Version=7.0.214.0, Culture=neutral, PublicKeyToken=726f03a4652993c7" id="d6b3c820-284e-470d-9df2-3e48e3ca7656" Version="7.0.214.0">
        <expression>
          <expression-string></expression-string>
        </expression>
        <collectionItems />
        <userXML />
      </objectCollection>
      <input name="StartIndex">
        <expression>
          <expression-string>1</expression-string>
        </expression>
      </input>
      <input name="EndIndex">
        <expression>
          <expression-string>1</expression-string>
        </expression>
      </input>
      <input name="NumberedFiles">
        <expression>
          <expression-string>False</expression-string>
        </expression>
      </input>
      <input name="RootName">
        <expression>
          <expression-string>Review_CCD6</expression-string>
        </expression>
      </input>
      <input name="Comment">
        <expression>
          <expression-string></expression-string>
        </expression>
      </input>
      <input name="Container">
        <expression>
          <expression-string>Camera_CCD5.Container</expression-string>
        </expression>
      </input>
      <input name="Mode">
        <expression>
          <expression-string>SaveImage</expression-string>
        </expression>
      </input>
      <input name="ResetPoint">
        <expression>
          <expression-string>InspectionStart</expression-string>
        </expression>
      </input>
      <input name="ResizeImage">
        <expression>
          <expression-string>False</expression-string>
        </expression>
      </input>
      <input name="ResizeSizeX">
        <expression>
          <expression-string>1280</expression-string>
        </expression>
      </input>
      <input name="ResizeSizeY">
        <expression>
          <expression-string>1024</expression-string>
        </expression>
      </input>
      <input name="SidecarText">
        <expression>
          <expression-string></expression-string>
        </expression>
      </input>
      <input name="WriteSidecarFile">
        <expression>
          <expression-string>False</expression-string>
        </expression>
      </input>
      <input name="Image">
        <expression>
          <expression-string>Flowcharts("ReviewImgWrite").Variables.Store_212_Img</expression-string>
        </expression>
      </input>
      <input name="Region">
        <expression>
          <expression-string>WholeImage</expression-string>
        </expression>
      </input>
      <input name="FileType">
        <expression>
          <expression-string>BMP</expression-string>
        </expression>
      </input>
      <input name="Quality">
        <expression>
          <expression-string>100</expression-string>
        </expression>
      </input>
      <input name="Colormap">
        <expression>
          <expression-string>Default</expression-string>
        </expression>
      </input>
      <input name="Path">
        <expression>
          <expression-string need-link-container="True">D:\\Tiling\\{DATETIME("yyyyMMdd")}\\{Variables.FrameID}\\{Variables.GlassID}_{Variables.Position}_{DATETIME("HH-mm")}\\</expression-string>
        </expression>
      </input>
      <input name="AppendCurrentRecipe">
        <expression>
          <expression-string>False</expression-string>
        </expression>
      </input>
    </inputs>
    <userXML />
  </step>
</persistentitem><persistentitem id="610ed055-b7ae-429a-8d63-032462c1505f" milstreamsdirname="MILStreams\WriteExcel" milstreamfilenameprefix="ImageWriterCopy8">
  <step name="ImageWriterCopy8" persistentState="Global" type="Matrox.DesignAssistant.Steps.ImageWriterPackage.ImageWriter, Matrox.DesignAssistant.Steps.ImageWriterPackage, Version=7.0.214.0, Culture=neutral, PublicKeyToken=726f03a4652993c7" id="610ed055-b7ae-429a-8d63-032462c1505f" modificationid="8e1da6a7-b387-4281-a105-5f2cc666ab37" Version="7.0.214.0">
    <inputs>
      <objectCollection name="Annotations" type="Matrox.DesignAssistant.Core.Annotations.AnnotationCollection, Matrox.DesignAssistant.Core, Version=7.0.214.0, Culture=neutral, PublicKeyToken=726f03a4652993c7" id="9bdd5e02-6b43-4cf9-a16d-3c6e4747e240" Version="7.0.214.0">
        <expression>
          <expression-string></expression-string>
        </expression>
        <collectionItems />
        <userXML />
      </objectCollection>
      <input name="StartIndex">
        <expression>
          <expression-string>1</expression-string>
        </expression>
      </input>
      <input name="EndIndex">
        <expression>
          <expression-string>1</expression-string>
        </expression>
      </input>
      <input name="NumberedFiles">
        <expression>
          <expression-string>False</expression-string>
        </expression>
      </input>
      <input name="RootName">
        <expression>
          <expression-string>PreReview</expression-string>
        </expression>
      </input>
      <input name="Comment">
        <expression>
          <expression-string></expression-string>
        </expression>
      </input>
      <input name="Container">
        <expression>
          <expression-string>Camera_CCD5.Container</expression-string>
        </expression>
      </input>
      <input name="Mode">
        <expression>
          <expression-string>SaveImage</expression-string>
        </expression>
      </input>
      <input name="ResetPoint">
        <expression>
          <expression-string>InspectionStart</expression-string>
        </expression>
      </input>
      <input name="ResizeImage">
        <expression>
          <expression-string>False</expression-string>
        </expression>
      </input>
      <input name="ResizeSizeX">
        <expression>
          <expression-string>1280</expression-string>
        </expression>
      </input>
      <input name="ResizeSizeY">
        <expression>
          <expression-string>1024</expression-string>
        </expression>
      </input>
      <input name="SidecarText">
        <expression>
          <expression-string></expression-string>
        </expression>
      </input>
      <input name="WriteSidecarFile">
        <expression>
          <expression-string>False</expression-string>
        </expression>
      </input>
      <input name="Image">
        <expression>
          <expression-string>Flowcharts("DisPlayXXYTableImg").Variables.XXY_113_Img</expression-string>
        </expression>
      </input>
      <input name="Region">
        <expression>
          <expression-string>WholeImage</expression-string>
        </expression>
      </input>
      <input name="FileType">
        <expression>
          <expression-string>BMP</expression-string>
        </expression>
      </input>
      <input name="Quality">
        <expression>
          <expression-string>100</expression-string>
        </expression>
      </input>
      <input name="Colormap">
        <expression>
          <expression-string>Default</expression-string>
        </expression>
      </input>
      <input name="Path">
        <expression>
          <expression-string need-link-container="True">D:\\Tiling\\{DATETIME("yyyyMMdd")}\\{Variables.FrameID}\\{Variables.GlassID}_{Variables.Position}_{DATETIME("HH-mm")}\\</expression-string>
        </expression>
      </input>
      <input name="AppendCurrentRecipe">
        <expression>
          <expression-string>False</expression-string>
        </expression>
      </input>
    </inputs>
    <userXML />
  </step>
</persistentitem><persistentitem id="f0c762e8-14b5-4d37-a0f2-fc99c7ef94ba" milstreamsdirname="MILStreams\WriteExcel" milstreamfilenameprefix="ImageWriterCopy6">
  <step name="ImageWriterCopy6" persistentState="Global" type="Matrox.DesignAssistant.Steps.ImageWriterPackage.ImageWriter, Matrox.DesignAssistant.Steps.ImageWriterPackage, Version=7.0.214.0, Culture=neutral, PublicKeyToken=726f03a4652993c7" id="f0c762e8-14b5-4d37-a0f2-fc99c7ef94ba" modificationid="6a80d3a3-0e70-479d-9b87-7de92a240ec0" Version="7.0.214.0">
    <inputs>
      <objectCollection name="Annotations" type="Matrox.DesignAssistant.Core.Annotations.AnnotationCollection, Matrox.DesignAssistant.Core, Version=7.0.214.0, Culture=neutral, PublicKeyToken=726f03a4652993c7" id="31ea9ad4-112f-459f-b4e1-64ce0c0c9a9b" Version="7.0.214.0">
        <expression>
          <expression-string></expression-string>
        </expression>
        <collectionItems />
        <userXML />
      </objectCollection>
      <input name="StartIndex">
        <expression>
          <expression-string>1</expression-string>
        </expression>
      </input>
      <input name="EndIndex">
        <expression>
          <expression-string>1</expression-string>
        </expression>
      </input>
      <input name="NumberedFiles">
        <expression>
          <expression-string>False</expression-string>
        </expression>
      </input>
      <input name="RootName">
        <expression>
          <expression-string>Review_CCD6</expression-string>
        </expression>
      </input>
      <input name="Comment">
        <expression>
          <expression-string></expression-string>
        </expression>
      </input>
      <input name="Container">
        <expression>
          <expression-string>Camera_CCD5.Container</expression-string>
        </expression>
      </input>
      <input name="Mode">
        <expression>
          <expression-string>SaveImage</expression-string>
        </expression>
      </input>
      <input name="ResetPoint">
        <expression>
          <expression-string>InspectionStart</expression-string>
        </expression>
      </input>
      <input name="ResizeImage">
        <expression>
          <expression-string>False</expression-string>
        </expression>
      </input>
      <input name="ResizeSizeX">
        <expression>
          <expression-string>1280</expression-string>
        </expression>
      </input>
      <input name="ResizeSizeY">
        <expression>
          <expression-string>1024</expression-string>
        </expression>
      </input>
      <input name="SidecarText">
        <expression>
          <expression-string></expression-string>
        </expression>
      </input>
      <input name="WriteSidecarFile">
        <expression>
          <expression-string>False</expression-string>
        </expression>
      </input>
      <input name="Image">
        <expression>
          <expression-string>Flowcharts("ReviewImgWrite").Variables.Store_213_Img</expression-string>
        </expression>
      </input>
      <input name="Region">
        <expression>
          <expression-string>WholeImage</expression-string>
        </expression>
      </input>
      <input name="FileType">
        <expression>
          <expression-string>BMP</expression-string>
        </expression>
      </input>
      <input name="Quality">
        <expression>
          <expression-string>100</expression-string>
        </expression>
      </input>
      <input name="Colormap">
        <expression>
          <expression-string>Default</expression-string>
        </expression>
      </input>
      <input name="Path">
        <expression>
          <expression-string need-link-container="True">D:\\Tiling\\{DATETIME("yyyyMMdd")}\\{Variables.FrameID}\\{Variables.GlassID}_{Variables.Position}_{DATETIME("HH-mm")}\\</expression-string>
        </expression>
      </input>
      <input name="AppendCurrentRecipe">
        <expression>
          <expression-string>False</expression-string>
        </expression>
      </input>
    </inputs>
    <userXML />
  </step>
</persistentitem><persistentitem id="47d078ae-7dd4-4cec-b1d5-1c2c58087208" milstreamsdirname="MILStreams\WriteExcel" milstreamfilenameprefix="ImageWriterCopy11">
  <step name="ImageWriterCopy11" persistentState="Global" type="Matrox.DesignAssistant.Steps.ImageWriterPackage.ImageWriter, Matrox.DesignAssistant.Steps.ImageWriterPackage, Version=7.0.214.0, Culture=neutral, PublicKeyToken=726f03a4652993c7" id="47d078ae-7dd4-4cec-b1d5-1c2c58087208" modificationid="a7cc760a-93c2-4387-96a3-e0bcb4a42783" Version="7.0.214.0">
    <inputs>
      <objectCollection name="Annotations" type="Matrox.DesignAssistant.Core.Annotations.AnnotationCollection, Matrox.DesignAssistant.Core, Version=7.0.214.0, Culture=neutral, PublicKeyToken=726f03a4652993c7" id="3196592e-eccc-4de3-8151-c020511a96ba" Version="7.0.214.0">
        <expression>
          <expression-string></expression-string>
        </expression>
        <collectionItems />
        <userXML />
      </objectCollection>
      <input name="StartIndex">
        <expression>
          <expression-string>1</expression-string>
        </expression>
      </input>
      <input name="EndIndex">
        <expression>
          <expression-string>1</expression-string>
        </expression>
      </input>
      <input name="NumberedFiles">
        <expression>
          <expression-string>False</expression-string>
        </expression>
      </input>
      <input name="RootName">
        <expression>
          <expression-string>PreReview</expression-string>
        </expression>
      </input>
      <input name="Comment">
        <expression>
          <expression-string></expression-string>
        </expression>
      </input>
      <input name="Container">
        <expression>
          <expression-string>Camera_CCD5.Container</expression-string>
        </expression>
      </input>
      <input name="Mode">
        <expression>
          <expression-string>SaveImage</expression-string>
        </expression>
      </input>
      <input name="ResetPoint">
        <expression>
          <expression-string>InspectionStart</expression-string>
        </expression>
      </input>
      <input name="ResizeImage">
        <expression>
          <expression-string>False</expression-string>
        </expression>
      </input>
      <input name="ResizeSizeX">
        <expression>
          <expression-string>1280</expression-string>
        </expression>
      </input>
      <input name="ResizeSizeY">
        <expression>
          <expression-string>1024</expression-string>
        </expression>
      </input>
      <input name="SidecarText">
        <expression>
          <expression-string></expression-string>
        </expression>
      </input>
      <input name="WriteSidecarFile">
        <expression>
          <expression-string>False</expression-string>
        </expression>
      </input>
      <input name="Image">
        <expression>
          <expression-string>Flowcharts("DisPlayXXYTableImg").Variables.XXY_114_Img</expression-string>
        </expression>
      </input>
      <input name="Region">
        <expression>
          <expression-string>WholeImage</expression-string>
        </expression>
      </input>
      <input name="FileType">
        <expression>
          <expression-string>BMP</expression-string>
        </expression>
      </input>
      <input name="Quality">
        <expression>
          <expression-string>100</expression-string>
        </expression>
      </input>
      <input name="Colormap">
        <expression>
          <expression-string>Default</expression-string>
        </expression>
      </input>
      <input name="Path">
        <expression>
          <expression-string need-link-container="True">D:\\Tiling\\{DATETIME("yyyyMMdd")}\\{Variables.FrameID}\\{Variables.GlassID}_{Variables.Position}_{DATETIME("HH-mm")}\\</expression-string>
        </expression>
      </input>
      <input name="AppendCurrentRecipe">
        <expression>
          <expression-string>False</expression-string>
        </expression>
      </input>
    </inputs>
    <userXML />
  </step>
</persistentitem><persistentitem id="eda3b7de-fdd2-46c1-8934-92fa9cc90a94" milstreamsdirname="MILStreams\WriteExcel" milstreamfilenameprefix="ImageWriterCopy7">
  <step name="ImageWriterCopy7" persistentState="Global" type="Matrox.DesignAssistant.Steps.ImageWriterPackage.ImageWriter, Matrox.DesignAssistant.Steps.ImageWriterPackage, Version=7.0.214.0, Culture=neutral, PublicKeyToken=726f03a4652993c7" id="eda3b7de-fdd2-46c1-8934-92fa9cc90a94" modificationid="5c468a9e-8e6b-48b5-91d4-ee950118f6a0" Version="7.0.214.0">
    <inputs>
      <objectCollection name="Annotations" type="Matrox.DesignAssistant.Core.Annotations.AnnotationCollection, Matrox.DesignAssistant.Core, Version=7.0.214.0, Culture=neutral, PublicKeyToken=726f03a4652993c7" id="a2b3cfb1-e2b6-486c-9b43-8705d2c279b9" Version="7.0.214.0">
        <expression>
          <expression-string></expression-string>
        </expression>
        <collectionItems />
        <userXML />
      </objectCollection>
      <input name="StartIndex">
        <expression>
          <expression-string>1</expression-string>
        </expression>
      </input>
      <input name="EndIndex">
        <expression>
          <expression-string>1</expression-string>
        </expression>
      </input>
      <input name="NumberedFiles">
        <expression>
          <expression-string>False</expression-string>
        </expression>
      </input>
      <input name="RootName">
        <expression>
          <expression-string>Review_CCD6</expression-string>
        </expression>
      </input>
      <input name="Comment">
        <expression>
          <expression-string></expression-string>
        </expression>
      </input>
      <input name="Container">
        <expression>
          <expression-string>Camera_CCD5.Container</expression-string>
        </expression>
      </input>
      <input name="Mode">
        <expression>
          <expression-string>SaveImage</expression-string>
        </expression>
      </input>
      <input name="ResetPoint">
        <expression>
          <expression-string>InspectionStart</expression-string>
        </expression>
      </input>
      <input name="ResizeImage">
        <expression>
          <expression-string>False</expression-string>
        </expression>
      </input>
      <input name="ResizeSizeX">
        <expression>
          <expression-string>1280</expression-string>
        </expression>
      </input>
      <input name="ResizeSizeY">
        <expression>
          <expression-string>1024</expression-string>
        </expression>
      </input>
      <input name="SidecarText">
        <expression>
          <expression-string></expression-string>
        </expression>
      </input>
      <input name="WriteSidecarFile">
        <expression>
          <expression-string>False</expression-string>
        </expression>
      </input>
      <input name="Image">
        <expression>
          <expression-string>Flowcharts("ReviewImgWrite").Variables.Store_214_Img</expression-string>
        </expression>
      </input>
      <input name="Region">
        <expression>
          <expression-string>WholeImage</expression-string>
        </expression>
      </input>
      <input name="FileType">
        <expression>
          <expression-string>BMP</expression-string>
        </expression>
      </input>
      <input name="Quality">
        <expression>
          <expression-string>100</expression-string>
        </expression>
      </input>
      <input name="Colormap">
        <expression>
          <expression-string>Default</expression-string>
        </expression>
      </input>
      <input name="Path">
        <expression>
          <expression-string need-link-container="True">D:\\Tiling\\{DATETIME("yyyyMMdd")}\\{Variables.FrameID}\\{Variables.GlassID}_{Variables.Position}_{DATETIME("HH-mm")}\\</expression-string>
        </expression>
      </input>
      <input name="AppendCurrentRecipe">
        <expression>
          <expression-string>False</expression-string>
        </expression>
      </input>
    </inputs>
    <userXML />
  </step>
</persistentitem><persistentitem id="e272e302-f97c-4ecb-b6f7-2759833f8469" milstreamsdirname="MILStreams\WriteExcel" milstreamfilenameprefix="ImageWriterCopy14">
  <step name="ImageWriterCopy14" persistentState="Global" type="Matrox.DesignAssistant.Steps.ImageWriterPackage.ImageWriter, Matrox.DesignAssistant.Steps.ImageWriterPackage, Version=7.0.214.0, Culture=neutral, PublicKeyToken=726f03a4652993c7" id="e272e302-f97c-4ecb-b6f7-2759833f8469" modificationid="f40a0cef-6b5f-4d12-bb6a-4c411978d0ea" Version="7.0.214.0">
    <inputs>
      <objectCollection name="Annotations" type="Matrox.DesignAssistant.Core.Annotations.AnnotationCollection, Matrox.DesignAssistant.Core, Version=7.0.214.0, Culture=neutral, PublicKeyToken=726f03a4652993c7" id="a62f7da6-6c35-4f60-a71c-b0b20a6f3e98" Version="7.0.214.0">
        <expression>
          <expression-string></expression-string>
        </expression>
        <collectionItems />
        <userXML />
      </objectCollection>
      <input name="StartIndex">
        <expression>
          <expression-string>1</expression-string>
        </expression>
      </input>
      <input name="EndIndex">
        <expression>
          <expression-string>1</expression-string>
        </expression>
      </input>
      <input name="NumberedFiles">
        <expression>
          <expression-string>False</expression-string>
        </expression>
      </input>
      <input name="RootName">
        <expression>
          <expression-string>PreReview</expression-string>
        </expression>
      </input>
      <input name="Comment">
        <expression>
          <expression-string></expression-string>
        </expression>
      </input>
      <input name="Container">
        <expression>
          <expression-string>Camera_CCD5.Container</expression-string>
        </expression>
      </input>
      <input name="Mode">
        <expression>
          <expression-string>SaveImage</expression-string>
        </expression>
      </input>
      <input name="ResetPoint">
        <expression>
          <expression-string>InspectionStart</expression-string>
        </expression>
      </input>
      <input name="ResizeImage">
        <expression>
          <expression-string>False</expression-string>
        </expression>
      </input>
      <input name="ResizeSizeX">
        <expression>
          <expression-string>1280</expression-string>
        </expression>
      </input>
      <input name="ResizeSizeY">
        <expression>
          <expression-string>1024</expression-string>
        </expression>
      </input>
      <input name="SidecarText">
        <expression>
          <expression-string></expression-string>
        </expression>
      </input>
      <input name="WriteSidecarFile">
        <expression>
          <expression-string>False</expression-string>
        </expression>
      </input>
      <input name="Image">
        <expression>
          <expression-string>Flowcharts("DisPlayXXYTableImg").Variables.XXY_121_Img</expression-string>
        </expression>
      </input>
      <input name="Region">
        <expression>
          <expression-string>WholeImage</expression-string>
        </expression>
      </input>
      <input name="FileType">
        <expression>
          <expression-string>BMP</expression-string>
        </expression>
      </input>
      <input name="Quality">
        <expression>
          <expression-string>100</expression-string>
        </expression>
      </input>
      <input name="Colormap">
        <expression>
          <expression-string>Default</expression-string>
        </expression>
      </input>
      <input name="Path">
        <expression>
          <expression-string need-link-container="True">D:\\Tiling\\{DATETIME("yyyyMMdd")}\\{Variables.FrameID}\\{Variables.GlassID}_{Variables.Position}_{DATETIME("HH-mm")}\\</expression-string>
        </expression>
      </input>
      <input name="AppendCurrentRecipe">
        <expression>
          <expression-string>False</expression-string>
        </expression>
      </input>
    </inputs>
    <userXML />
  </step>
</persistentitem><persistentitem id="3d04fd4b-4120-4692-be83-f464198bdeee" milstreamsdirname="MILStreams\WriteExcel" milstreamfilenameprefix="ImageWriterCopy9">
  <step name="ImageWriterCopy9" persistentState="Global" type="Matrox.DesignAssistant.Steps.ImageWriterPackage.ImageWriter, Matrox.DesignAssistant.Steps.ImageWriterPackage, Version=7.0.214.0, Culture=neutral, PublicKeyToken=726f03a4652993c7" id="3d04fd4b-4120-4692-be83-f464198bdeee" modificationid="c4f18e76-839e-46ea-85f1-25f9e17ca47c" Version="7.0.214.0">
    <inputs>
      <objectCollection name="Annotations" type="Matrox.DesignAssistant.Core.Annotations.AnnotationCollection, Matrox.DesignAssistant.Core, Version=7.0.214.0, Culture=neutral, PublicKeyToken=726f03a4652993c7" id="f7f21b71-86a1-4194-8998-94911e9e63d7" Version="7.0.214.0">
        <expression>
          <expression-string></expression-string>
        </expression>
        <collectionItems />
        <userXML />
      </objectCollection>
      <input name="StartIndex">
        <expression>
          <expression-string>1</expression-string>
        </expression>
      </input>
      <input name="EndIndex">
        <expression>
          <expression-string>1</expression-string>
        </expression>
      </input>
      <input name="NumberedFiles">
        <expression>
          <expression-string>False</expression-string>
        </expression>
      </input>
      <input name="RootName">
        <expression>
          <expression-string>Review_CCD6</expression-string>
        </expression>
      </input>
      <input name="Comment">
        <expression>
          <expression-string></expression-string>
        </expression>
      </input>
      <input name="Container">
        <expression>
          <expression-string>Camera_CCD5.Container</expression-string>
        </expression>
      </input>
      <input name="Mode">
        <expression>
          <expression-string>SaveImage</expression-string>
        </expression>
      </input>
      <input name="ResetPoint">
        <expression>
          <expression-string>InspectionStart</expression-string>
        </expression>
      </input>
      <input name="ResizeImage">
        <expression>
          <expression-string>False</expression-string>
        </expression>
      </input>
      <input name="ResizeSizeX">
        <expression>
          <expression-string>1280</expression-string>
        </expression>
      </input>
      <input name="ResizeSizeY">
        <expression>
          <expression-string>1024</expression-string>
        </expression>
      </input>
      <input name="SidecarText">
        <expression>
          <expression-string></expression-string>
        </expression>
      </input>
      <input name="WriteSidecarFile">
        <expression>
          <expression-string>False</expression-string>
        </expression>
      </input>
      <input name="Image">
        <expression>
          <expression-string>Flowcharts("ReviewImgWrite").Variables.Store_221_Img</expression-string>
        </expression>
      </input>
      <input name="Region">
        <expression>
          <expression-string>WholeImage</expression-string>
        </expression>
      </input>
      <input name="FileType">
        <expression>
          <expression-string>BMP</expression-string>
        </expression>
      </input>
      <input name="Quality">
        <expression>
          <expression-string>100</expression-string>
        </expression>
      </input>
      <input name="Colormap">
        <expression>
          <expression-string>Default</expression-string>
        </expression>
      </input>
      <input name="Path">
        <expression>
          <expression-string need-link-container="True">D:\\Tiling\\{DATETIME("yyyyMMdd")}\\{Variables.FrameID}\\{Variables.GlassID}_{Variables.Position}_{DATETIME("HH-mm")}\\</expression-string>
        </expression>
      </input>
      <input name="AppendCurrentRecipe">
        <expression>
          <expression-string>False</expression-string>
        </expression>
      </input>
    </inputs>
    <userXML />
  </step>
</persistentitem><persistentitem id="c03746e0-dab8-4387-8bf6-4427044e4849" milstreamsdirname="MILStreams\WriteExcel" milstreamfilenameprefix="ImageWriterCopy17">
  <step name="ImageWriterCopy17" persistentState="Global" type="Matrox.DesignAssistant.Steps.ImageWriterPackage.ImageWriter, Matrox.DesignAssistant.Steps.ImageWriterPackage, Version=7.0.214.0, Culture=neutral, PublicKeyToken=726f03a4652993c7" id="c03746e0-dab8-4387-8bf6-4427044e4849" modificationid="275a80dc-f61e-4598-a116-e4470df73629" Version="7.0.214.0">
    <inputs>
      <objectCollection name="Annotations" type="Matrox.DesignAssistant.Core.Annotations.AnnotationCollection, Matrox.DesignAssistant.Core, Version=7.0.214.0, Culture=neutral, PublicKeyToken=726f03a4652993c7" id="b5f2fd51-6eb9-453f-b717-437485ab69d7" Version="7.0.214.0">
        <expression>
          <expression-string></expression-string>
        </expression>
        <collectionItems />
        <userXML />
      </objectCollection>
      <input name="StartIndex">
        <expression>
          <expression-string>1</expression-string>
        </expression>
      </input>
      <input name="EndIndex">
        <expression>
          <expression-string>1</expression-string>
        </expression>
      </input>
      <input name="NumberedFiles">
        <expression>
          <expression-string>False</expression-string>
        </expression>
      </input>
      <input name="RootName">
        <expression>
          <expression-string>PreReview</expression-string>
        </expression>
      </input>
      <input name="Comment">
        <expression>
          <expression-string></expression-string>
        </expression>
      </input>
      <input name="Container">
        <expression>
          <expression-string>Camera_CCD5.Container</expression-string>
        </expression>
      </input>
      <input name="Mode">
        <expression>
          <expression-string>SaveImage</expression-string>
        </expression>
      </input>
      <input name="ResetPoint">
        <expression>
          <expression-string>InspectionStart</expression-string>
        </expression>
      </input>
      <input name="ResizeImage">
        <expression>
          <expression-string>False</expression-string>
        </expression>
      </input>
      <input name="ResizeSizeX">
        <expression>
          <expression-string>1280</expression-string>
        </expression>
      </input>
      <input name="ResizeSizeY">
        <expression>
          <expression-string>1024</expression-string>
        </expression>
      </input>
      <input name="SidecarText">
        <expression>
          <expression-string></expression-string>
        </expression>
      </input>
      <input name="WriteSidecarFile">
        <expression>
          <expression-string>False</expression-string>
        </expression>
      </input>
      <input name="Image">
        <expression>
          <expression-string>Flowcharts("DisPlayXXYTableImg").Variables.XXY_122_Img</expression-string>
        </expression>
      </input>
      <input name="Region">
        <expression>
          <expression-string>WholeImage</expression-string>
        </expression>
      </input>
      <input name="FileType">
        <expression>
          <expression-string>BMP</expression-string>
        </expression>
      </input>
      <input name="Quality">
        <expression>
          <expression-string>100</expression-string>
        </expression>
      </input>
      <input name="Colormap">
        <expression>
          <expression-string>Default</expression-string>
        </expression>
      </input>
      <input name="Path">
        <expression>
          <expression-string need-link-container="True">D:\\Tiling\\{DATETIME("yyyyMMdd")}\\{Variables.FrameID}\\{Variables.GlassID}_{Variables.Position}_{DATETIME("HH-mm")}\\</expression-string>
        </expression>
      </input>
      <input name="AppendCurrentRecipe">
        <expression>
          <expression-string>False</expression-string>
        </expression>
      </input>
    </inputs>
    <userXML />
  </step>
</persistentitem><persistentitem id="ac70da49-f9e3-4886-842c-49ab2a27b42e" milstreamsdirname="MILStreams\WriteExcel" milstreamfilenameprefix="ImageWriterCopy10">
  <step name="ImageWriterCopy10" persistentState="Global" type="Matrox.DesignAssistant.Steps.ImageWriterPackage.ImageWriter, Matrox.DesignAssistant.Steps.ImageWriterPackage, Version=7.0.214.0, Culture=neutral, PublicKeyToken=726f03a4652993c7" id="ac70da49-f9e3-4886-842c-49ab2a27b42e" modificationid="66d0db14-77a9-4d4e-8a90-d97709d79932" Version="7.0.214.0">
    <inputs>
      <objectCollection name="Annotations" type="Matrox.DesignAssistant.Core.Annotations.AnnotationCollection, Matrox.DesignAssistant.Core, Version=7.0.214.0, Culture=neutral, PublicKeyToken=726f03a4652993c7" id="f6f28499-db4a-4134-8b5a-883e0314da2f" Version="7.0.214.0">
        <expression>
          <expression-string></expression-string>
        </expression>
        <collectionItems />
        <userXML />
      </objectCollection>
      <input name="StartIndex">
        <expression>
          <expression-string>1</expression-string>
        </expression>
      </input>
      <input name="EndIndex">
        <expression>
          <expression-string>1</expression-string>
        </expression>
      </input>
      <input name="NumberedFiles">
        <expression>
          <expression-string>False</expression-string>
        </expression>
      </input>
      <input name="RootName">
        <expression>
          <expression-string>Review_CCD6</expression-string>
        </expression>
      </input>
      <input name="Comment">
        <expression>
          <expression-string></expression-string>
        </expression>
      </input>
      <input name="Container">
        <expression>
          <expression-string>Camera_CCD5.Container</expression-string>
        </expression>
      </input>
      <input name="Mode">
        <expression>
          <expression-string>SaveImage</expression-string>
        </expression>
      </input>
      <input name="ResetPoint">
        <expression>
          <expression-string>InspectionStart</expression-string>
        </expression>
      </input>
      <input name="ResizeImage">
        <expression>
          <expression-string>False</expression-string>
        </expression>
      </input>
      <input name="ResizeSizeX">
        <expression>
          <expression-string>1280</expression-string>
        </expression>
      </input>
      <input name="ResizeSizeY">
        <expression>
          <expression-string>1024</expression-string>
        </expression>
      </input>
      <input name="SidecarText">
        <expression>
          <expression-string></expression-string>
        </expression>
      </input>
      <input name="WriteSidecarFile">
        <expression>
          <expression-string>False</expression-string>
        </expression>
      </input>
      <input name="Image">
        <expression>
          <expression-string>Flowcharts("DisPlayReviewImg").Variables.Store_222_Img</expression-string>
        </expression>
      </input>
      <input name="Region">
        <expression>
          <expression-string>WholeImage</expression-string>
        </expression>
      </input>
      <input name="FileType">
        <expression>
          <expression-string>BMP</expression-string>
        </expression>
      </input>
      <input name="Quality">
        <expression>
          <expression-string>100</expression-string>
        </expression>
      </input>
      <input name="Colormap">
        <expression>
          <expression-string>Default</expression-string>
        </expression>
      </input>
      <input name="Path">
        <expression>
          <expression-string need-link-container="True">D:\\Tiling\\{DATETIME("yyyyMMdd")}\\{Variables.FrameID}\\{Variables.GlassID}_{Variables.Position}_{DATETIME("HH-mm")}\\</expression-string>
        </expression>
      </input>
      <input name="AppendCurrentRecipe">
        <expression>
          <expression-string>False</expression-string>
        </expression>
      </input>
    </inputs>
    <userXML />
  </step>
</persistentitem><persistentitem id="9aad0e13-0d09-429f-a74a-a9df5b341410" milstreamsdirname="MILStreams\WriteExcel" milstreamfilenameprefix="ImageWriterCopy20">
  <step name="ImageWriterCopy20" persistentState="Global" type="Matrox.DesignAssistant.Steps.ImageWriterPackage.ImageWriter, Matrox.DesignAssistant.Steps.ImageWriterPackage, Version=7.0.214.0, Culture=neutral, PublicKeyToken=726f03a4652993c7" id="9aad0e13-0d09-429f-a74a-a9df5b341410" modificationid="4d96fc99-c1f5-45af-88df-0415ba4865e3" Version="7.0.214.0">
    <inputs>
      <objectCollection name="Annotations" type="Matrox.DesignAssistant.Core.Annotations.AnnotationCollection, Matrox.DesignAssistant.Core, Version=7.0.214.0, Culture=neutral, PublicKeyToken=726f03a4652993c7" id="0a91b278-0cba-4da0-8a5d-2d7e2effa906" Version="7.0.214.0">
        <expression>
          <expression-string></expression-string>
        </expression>
        <collectionItems />
        <userXML />
      </objectCollection>
      <input name="StartIndex">
        <expression>
          <expression-string>1</expression-string>
        </expression>
      </input>
      <input name="EndIndex">
        <expression>
          <expression-string>1</expression-string>
        </expression>
      </input>
      <input name="NumberedFiles">
        <expression>
          <expression-string>False</expression-string>
        </expression>
      </input>
      <input name="RootName">
        <expression>
          <expression-string>PreReview</expression-string>
        </expression>
      </input>
      <input name="Comment">
        <expression>
          <expression-string></expression-string>
        </expression>
      </input>
      <input name="Container">
        <expression>
          <expression-string>Camera_CCD5.Container</expression-string>
        </expression>
      </input>
      <input name="Mode">
        <expression>
          <expression-string>SaveImage</expression-string>
        </expression>
      </input>
      <input name="ResetPoint">
        <expression>
          <expression-string>InspectionStart</expression-string>
        </expression>
      </input>
      <input name="ResizeImage">
        <expression>
          <expression-string>False</expression-string>
        </expression>
      </input>
      <input name="ResizeSizeX">
        <expression>
          <expression-string>1280</expression-string>
        </expression>
      </input>
      <input name="ResizeSizeY">
        <expression>
          <expression-string>1024</expression-string>
        </expression>
      </input>
      <input name="SidecarText">
        <expression>
          <expression-string></expression-string>
        </expression>
      </input>
      <input name="WriteSidecarFile">
        <expression>
          <expression-string>False</expression-string>
        </expression>
      </input>
      <input name="Image">
        <expression>
          <expression-string>Flowcharts("DisPlayXXYTableImg").Variables.XXY_123_Img</expression-string>
        </expression>
      </input>
      <input name="Region">
        <expression>
          <expression-string>WholeImage</expression-string>
        </expression>
      </input>
      <input name="FileType">
        <expression>
          <expression-string>BMP</expression-string>
        </expression>
      </input>
      <input name="Quality">
        <expression>
          <expression-string>100</expression-string>
        </expression>
      </input>
      <input name="Colormap">
        <expression>
          <expression-string>Default</expression-string>
        </expression>
      </input>
      <input name="Path">
        <expression>
          <expression-string need-link-container="True">D:\\Tiling\\{DATETIME("yyyyMMdd")}\\{Variables.FrameID}\\{Variables.GlassID}_{Variables.Position}_{DATETIME("HH-mm")}\\</expression-string>
        </expression>
      </input>
      <input name="AppendCurrentRecipe">
        <expression>
          <expression-string>False</expression-string>
        </expression>
      </input>
    </inputs>
    <userXML />
  </step>
</persistentitem><persistentitem id="069b5283-3720-4f46-a7ca-8f18db9c2421" milstreamsdirname="MILStreams\WriteExcel" milstreamfilenameprefix="ImageWriterCopy12">
  <step name="ImageWriterCopy12" persistentState="Global" type="Matrox.DesignAssistant.Steps.ImageWriterPackage.ImageWriter, Matrox.DesignAssistant.Steps.ImageWriterPackage, Version=7.0.214.0, Culture=neutral, PublicKeyToken=726f03a4652993c7" id="069b5283-3720-4f46-a7ca-8f18db9c2421" modificationid="4a451c25-db20-40b0-8d38-cc2758fff3ab" Version="7.0.214.0">
    <inputs>
      <objectCollection name="Annotations" type="Matrox.DesignAssistant.Core.Annotations.AnnotationCollection, Matrox.DesignAssistant.Core, Version=7.0.214.0, Culture=neutral, PublicKeyToken=726f03a4652993c7" id="84d0c73a-610b-4bc6-a5d7-afa36a79da3c" Version="7.0.214.0">
        <expression>
          <expression-string></expression-string>
        </expression>
        <collectionItems />
        <userXML />
      </objectCollection>
      <input name="StartIndex">
        <expression>
          <expression-string>1</expression-string>
        </expression>
      </input>
      <input name="EndIndex">
        <expression>
          <expression-string>1</expression-string>
        </expression>
      </input>
      <input name="NumberedFiles">
        <expression>
          <expression-string>False</expression-string>
        </expression>
      </input>
      <input name="RootName">
        <expression>
          <expression-string>Review_CCD6</expression-string>
        </expression>
      </input>
      <input name="Comment">
        <expression>
          <expression-string></expression-string>
        </expression>
      </input>
      <input name="Container">
        <expression>
          <expression-string>Camera_CCD5.Container</expression-string>
        </expression>
      </input>
      <input name="Mode">
        <expression>
          <expression-string>SaveImage</expression-string>
        </expression>
      </input>
      <input name="ResetPoint">
        <expression>
          <expression-string>InspectionStart</expression-string>
        </expression>
      </input>
      <input name="ResizeImage">
        <expression>
          <expression-string>False</expression-string>
        </expression>
      </input>
      <input name="ResizeSizeX">
        <expression>
          <expression-string>1280</expression-string>
        </expression>
      </input>
      <input name="ResizeSizeY">
        <expression>
          <expression-string>1024</expression-string>
        </expression>
      </input>
      <input name="SidecarText">
        <expression>
          <expression-string></expression-string>
        </expression>
      </input>
      <input name="WriteSidecarFile">
        <expression>
          <expression-string>False</expression-string>
        </expression>
      </input>
      <input name="Image">
        <expression>
          <expression-string>Flowcharts("ReviewImgWrite").Variables.Store_223_Img</expression-string>
        </expression>
      </input>
      <input name="Region">
        <expression>
          <expression-string>WholeImage</expression-string>
        </expression>
      </input>
      <input name="FileType">
        <expression>
          <expression-string>BMP</expression-string>
        </expression>
      </input>
      <input name="Quality">
        <expression>
          <expression-string>100</expression-string>
        </expression>
      </input>
      <input name="Colormap">
        <expression>
          <expression-string>Default</expression-string>
        </expression>
      </input>
      <input name="Path">
        <expression>
          <expression-string need-link-container="True">D:\\Tiling\\{DATETIME("yyyyMMdd")}\\{Variables.FrameID}\\{Variables.GlassID}_{Variables.Position}_{DATETIME("HH-mm")}\\</expression-string>
        </expression>
      </input>
      <input name="AppendCurrentRecipe">
        <expression>
          <expression-string>False</expression-string>
        </expression>
      </input>
    </inputs>
    <userXML />
  </step>
</persistentitem><persistentitem id="7901df50-5238-4e33-81ed-970f0f0e1773" milstreamsdirname="MILStreams\WriteExcel" milstreamfilenameprefix="ImageWriterCopy23">
  <step name="ImageWriterCopy23" persistentState="Global" type="Matrox.DesignAssistant.Steps.ImageWriterPackage.ImageWriter, Matrox.DesignAssistant.Steps.ImageWriterPackage, Version=7.0.214.0, Culture=neutral, PublicKeyToken=726f03a4652993c7" id="7901df50-5238-4e33-81ed-970f0f0e1773" modificationid="88d4a45a-0977-46d4-bc27-34e2cfb0ce32" Version="7.0.214.0">
    <inputs>
      <objectCollection name="Annotations" type="Matrox.DesignAssistant.Core.Annotations.AnnotationCollection, Matrox.DesignAssistant.Core, Version=7.0.214.0, Culture=neutral, PublicKeyToken=726f03a4652993c7" id="6497df15-59ab-44d5-9f86-4829b64cb445" Version="7.0.214.0">
        <expression>
          <expression-string></expression-string>
        </expression>
        <collectionItems />
        <userXML />
      </objectCollection>
      <input name="StartIndex">
        <expression>
          <expression-string>1</expression-string>
        </expression>
      </input>
      <input name="EndIndex">
        <expression>
          <expression-string>1</expression-string>
        </expression>
      </input>
      <input name="NumberedFiles">
        <expression>
          <expression-string>False</expression-string>
        </expression>
      </input>
      <input name="RootName">
        <expression>
          <expression-string>PreReview</expression-string>
        </expression>
      </input>
      <input name="Comment">
        <expression>
          <expression-string></expression-string>
        </expression>
      </input>
      <input name="Container">
        <expression>
          <expression-string>Camera_CCD5.Container</expression-string>
        </expression>
      </input>
      <input name="Mode">
        <expression>
          <expression-string>SaveImage</expression-string>
        </expression>
      </input>
      <input name="ResetPoint">
        <expression>
          <expression-string>InspectionStart</expression-string>
        </expression>
      </input>
      <input name="ResizeImage">
        <expression>
          <expression-string>False</expression-string>
        </expression>
      </input>
      <input name="ResizeSizeX">
        <expression>
          <expression-string>1280</expression-string>
        </expression>
      </input>
      <input name="ResizeSizeY">
        <expression>
          <expression-string>1024</expression-string>
        </expression>
      </input>
      <input name="SidecarText">
        <expression>
          <expression-string></expression-string>
        </expression>
      </input>
      <input name="WriteSidecarFile">
        <expression>
          <expression-string>False</expression-string>
        </expression>
      </input>
      <input name="Image">
        <expression>
          <expression-string>Flowcharts("DisPlayXXYTableImg").Variables.XXY_124_Img</expression-string>
        </expression>
      </input>
      <input name="Region">
        <expression>
          <expression-string>WholeImage</expression-string>
        </expression>
      </input>
      <input name="FileType">
        <expression>
          <expression-string>BMP</expression-string>
        </expression>
      </input>
      <input name="Quality">
        <expression>
          <expression-string>100</expression-string>
        </expression>
      </input>
      <input name="Colormap">
        <expression>
          <expression-string>Default</expression-string>
        </expression>
      </input>
      <input name="Path">
        <expression>
          <expression-string need-link-container="True">D:\\Tiling\\{DATETIME("yyyyMMdd")}\\{Variables.FrameID}\\{Variables.GlassID}_{Variables.Position}_{DATETIME("HH-mm")}\\</expression-string>
        </expression>
      </input>
      <input name="AppendCurrentRecipe">
        <expression>
          <expression-string>False</expression-string>
        </expression>
      </input>
    </inputs>
    <userXML />
  </step>
</persistentitem><persistentitem id="144ccd0c-4eef-4917-a81c-525caaa660a0" milstreamsdirname="MILStreams\WriteExcel" milstreamfilenameprefix="ImageWriterCopy13">
  <step name="ImageWriterCopy13" persistentState="Global" type="Matrox.DesignAssistant.Steps.ImageWriterPackage.ImageWriter, Matrox.DesignAssistant.Steps.ImageWriterPackage, Version=7.0.214.0, Culture=neutral, PublicKeyToken=726f03a4652993c7" id="144ccd0c-4eef-4917-a81c-525caaa660a0" modificationid="d3973e80-38bc-47ca-9ead-e02a037aa734" Version="7.0.214.0">
    <inputs>
      <objectCollection name="Annotations" type="Matrox.DesignAssistant.Core.Annotations.AnnotationCollection, Matrox.DesignAssistant.Core, Version=7.0.214.0, Culture=neutral, PublicKeyToken=726f03a4652993c7" id="fa8d788c-5791-4f70-a2f3-1a86bb6b50b5" Version="7.0.214.0">
        <expression>
          <expression-string></expression-string>
        </expression>
        <collectionItems />
        <userXML />
      </objectCollection>
      <input name="StartIndex">
        <expression>
          <expression-string>1</expression-string>
        </expression>
      </input>
      <input name="EndIndex">
        <expression>
          <expression-string>1</expression-string>
        </expression>
      </input>
      <input name="NumberedFiles">
        <expression>
          <expression-string>False</expression-string>
        </expression>
      </input>
      <input name="RootName">
        <expression>
          <expression-string>Review_CCD6</expression-string>
        </expression>
      </input>
      <input name="Comment">
        <expression>
          <expression-string></expression-string>
        </expression>
      </input>
      <input name="Container">
        <expression>
          <expression-string>Camera_CCD5.Container</expression-string>
        </expression>
      </input>
      <input name="Mode">
        <expression>
          <expression-string>SaveImage</expression-string>
        </expression>
      </input>
      <input name="ResetPoint">
        <expression>
          <expression-string>InspectionStart</expression-string>
        </expression>
      </input>
      <input name="ResizeImage">
        <expression>
          <expression-string>False</expression-string>
        </expression>
      </input>
      <input name="ResizeSizeX">
        <expression>
          <expression-string>1280</expression-string>
        </expression>
      </input>
      <input name="ResizeSizeY">
        <expression>
          <expression-string>1024</expression-string>
        </expression>
      </input>
      <input name="SidecarText">
        <expression>
          <expression-string></expression-string>
        </expression>
      </input>
      <input name="WriteSidecarFile">
        <expression>
          <expression-string>False</expression-string>
        </expression>
      </input>
      <input name="Image">
        <expression>
          <expression-string>Flowcharts("ReviewImgWrite").Variables.Store_224_Img</expression-string>
        </expression>
      </input>
      <input name="Region">
        <expression>
          <expression-string>WholeImage</expression-string>
        </expression>
      </input>
      <input name="FileType">
        <expression>
          <expression-string>BMP</expression-string>
        </expression>
      </input>
      <input name="Quality">
        <expression>
          <expression-string>100</expression-string>
        </expression>
      </input>
      <input name="Colormap">
        <expression>
          <expression-string>Default</expression-string>
        </expression>
      </input>
      <input name="Path">
        <expression>
          <expression-string need-link-container="True">D:\\Tiling\\{DATETIME("yyyyMMdd")}\\{Variables.FrameID}\\{Variables.GlassID}_{Variables.Position}_{DATETIME("HH-mm")}\\</expression-string>
        </expression>
      </input>
      <input name="AppendCurrentRecipe">
        <expression>
          <expression-string>False</expression-string>
        </expression>
      </input>
    </inputs>
    <userXML />
  </step>
</persistentitem><persistentitem id="ae67c863-d848-4c95-bca1-3e2c714ec2b6" milstreamsdirname="MILStreams\WriteExcel" milstreamfilenameprefix="ImageWriter">
  <step name="ImageWriter" persistentState="Global" type="Matrox.DesignAssistant.Steps.ImageWriterPackage.ImageWriter, Matrox.DesignAssistant.Steps.ImageWriterPackage, Version=7.0.214.0, Culture=neutral, PublicKeyToken=726f03a4652993c7" id="ae67c863-d848-4c95-bca1-3e2c714ec2b6" modificationid="29b79bc8-1658-4594-b291-0c7752c4e9c5" Version="7.0.214.0">
    <inputs>
      <objectCollection name="Annotations" type="Matrox.DesignAssistant.Core.Annotations.AnnotationCollection, Matrox.DesignAssistant.Core, Version=7.0.214.0, Culture=neutral, PublicKeyToken=726f03a4652993c7" id="b1691f08-609f-4570-ae36-d39056f76bd4" Version="7.0.214.0">
        <expression>
          <expression-string></expression-string>
        </expression>
        <collectionItems />
        <userXML />
      </objectCollection>
      <input name="StartIndex">
        <expression>
          <expression-string>1</expression-string>
        </expression>
      </input>
      <input name="EndIndex">
        <expression>
          <expression-string>1</expression-string>
        </expression>
      </input>
      <input name="NumberedFiles">
        <expression>
          <expression-string>False</expression-string>
        </expression>
      </input>
      <input name="RootName">
        <expression>
          <expression-string>Stage_CCD5</expression-string>
        </expression>
      </input>
      <input name="Comment">
        <expression>
          <expression-string></expression-string>
        </expression>
      </input>
      <input name="Container">
        <expression>
          <expression-string>Camera_CCD5.Container</expression-string>
        </expression>
      </input>
      <input name="Mode">
        <expression>
          <expression-string>SaveImage</expression-string>
        </expression>
      </input>
      <input name="ResetPoint">
        <expression>
          <expression-string>InspectionStart</expression-string>
        </expression>
      </input>
      <input name="ResizeImage">
        <expression>
          <expression-string>False</expression-string>
        </expression>
      </input>
      <input name="ResizeSizeX">
        <expression>
          <expression-string>1280</expression-string>
        </expression>
      </input>
      <input name="ResizeSizeY">
        <expression>
          <expression-string>1024</expression-string>
        </expression>
      </input>
      <input name="SidecarText">
        <expression>
          <expression-string></expression-string>
        </expression>
      </input>
      <input name="WriteSidecarFile">
        <expression>
          <expression-string>False</expression-string>
        </expression>
      </input>
      <input name="Image">
        <expression>
          <expression-string>Flowcharts("MainFlowchart").Variables.Display_51_64_CCD5_Stage</expression-string>
        </expression>
      </input>
      <input name="Region">
        <expression>
          <expression-string>WholeImage</expression-string>
        </expression>
      </input>
      <input name="FileType">
        <expression>
          <expression-string>BMP</expression-string>
        </expression>
      </input>
      <input name="Quality">
        <expression>
          <expression-string>100</expression-string>
        </expression>
      </input>
      <input name="Colormap">
        <expression>
          <expression-string>Default</expression-string>
        </expression>
      </input>
      <input name="Path">
        <expression>
          <expression-string need-link-container="True">D:\\Tiling\\{DATETIME("yyyyMMdd")}\\{Variables.FrameID}\\{Variables.GlassID}_{Variables.Position}_{DATETIME("HH-mm")}\\</expression-string>
        </expression>
      </input>
      <input name="AppendCurrentRecipe">
        <expression>
          <expression-string>False</expression-string>
        </expression>
      </input>
    </inputs>
    <userXML />
  </step>
</persistentitem><persistentitem id="4d0dcbf8-b543-48e6-9067-4c03cc2ea8f2" milstreamsdirname="MILStreams\WriteExcel" milstreamfilenameprefix="ImageWriterCopy">
  <step name="ImageWriterCopy" persistentState="Global" type="Matrox.DesignAssistant.Steps.ImageWriterPackage.ImageWriter, Matrox.DesignAssistant.Steps.ImageWriterPackage, Version=7.0.214.0, Culture=neutral, PublicKeyToken=726f03a4652993c7" id="4d0dcbf8-b543-48e6-9067-4c03cc2ea8f2" modificationid="f428f983-2213-45a4-baa3-64c02bd75003" Version="7.0.214.0">
    <inputs>
      <objectCollection name="Annotations" type="Matrox.DesignAssistant.Core.Annotations.AnnotationCollection, Matrox.DesignAssistant.Core, Version=7.0.214.0, Culture=neutral, PublicKeyToken=726f03a4652993c7" id="2ed830a7-f46c-4c92-b079-28d86361f061" Version="7.0.214.0">
        <expression>
          <expression-string></expression-string>
        </expression>
        <collectionItems />
        <userXML />
      </objectCollection>
      <input name="StartIndex">
        <expression>
          <expression-string>1</expression-string>
        </expression>
      </input>
      <input name="EndIndex">
        <expression>
          <expression-string>1</expression-string>
        </expression>
      </input>
      <input name="NumberedFiles">
        <expression>
          <expression-string>False</expression-string>
        </expression>
      </input>
      <input name="RootName">
        <expression>
          <expression-string>Stage_CCD6</expression-string>
        </expression>
      </input>
      <input name="Comment">
        <expression>
          <expression-string></expression-string>
        </expression>
      </input>
      <input name="Container">
        <expression>
          <expression-string>Camera_CCD5.Container</expression-string>
        </expression>
      </input>
      <input name="Mode">
        <expression>
          <expression-string>SaveImage</expression-string>
        </expression>
      </input>
      <input name="ResetPoint">
        <expression>
          <expression-string>InspectionStart</expression-string>
        </expression>
      </input>
      <input name="ResizeImage">
        <expression>
          <expression-string>False</expression-string>
        </expression>
      </input>
      <input name="ResizeSizeX">
        <expression>
          <expression-string>1280</expression-string>
        </expression>
      </input>
      <input name="ResizeSizeY">
        <expression>
          <expression-string>1024</expression-string>
        </expression>
      </input>
      <input name="SidecarText">
        <expression>
          <expression-string></expression-string>
        </expression>
      </input>
      <input name="WriteSidecarFile">
        <expression>
          <expression-string>False</expression-string>
        </expression>
      </input>
      <input name="Image">
        <expression>
          <expression-string>Flowcharts("MainFlowchart").Variables.Display_51_64_CCD6_Stage</expression-string>
        </expression>
      </input>
      <input name="Region">
        <expression>
          <expression-string>WholeImage</expression-string>
        </expression>
      </input>
      <input name="FileType">
        <expression>
          <expression-string>BMP</expression-string>
        </expression>
      </input>
      <input name="Quality">
        <expression>
          <expression-string>100</expression-string>
        </expression>
      </input>
      <input name="Colormap">
        <expression>
          <expression-string>Default</expression-string>
        </expression>
      </input>
      <input name="Path">
        <expression>
          <expression-string need-link-container="True">D:\\Tiling\\{DATETIME("yyyyMMdd")}\\{Variables.FrameID}\\{Variables.GlassID}_{Variables.Position}_{DATETIME("HH-mm")}\\</expression-string>
        </expression>
      </input>
      <input name="AppendCurrentRecipe">
        <expression>
          <expression-string>False</expression-string>
        </expression>
      </input>
    </inputs>
    <userXML />
  </step>
</persistentitem><persistentitem id="fa39a1f8-8388-4955-aa75-173c145f71f4" milstreamsdirname="MILStreams\MainFlowchart" milstreamfilenameprefix="Status">
  <step name="Status" persistentState="Global" type="Matrox.DesignAssistant.Core.Flowcharts.StatusStep.Status, Matrox.DesignAssistant.Core, Version=7.0.214.0, Culture=neutral, PublicKeyToken=726f03a4652993c7" id="fa39a1f8-8388-4955-aa75-173c145f71f4" modificationid="68f64ae4-d4e8-403b-9a97-9aa308115f08" Version="7.0.214.0">
    <inputs>
      <input name="AssociatedStatusStep">
        <expression>
          <expression-string>None</expression-string>
        </expression>
      </input>
      <input name="Comment">
        <expression>
          <expression-string></expression-string>
        </expression>
      </input>
      <objectCollection name="Conditions" type="Matrox.DesignAssistant.Core.Flowcharts.StatusStep.StatusConditionsCollection, Matrox.DesignAssistant.Core, Version=7.0.214.0, Culture=neutral, PublicKeyToken=726f03a4652993c7" id="4161b3f3-39f5-4db3-9401-938b8e7b4fb4" Version="7.0.214.0">
        <expression>
          <expression-string></expression-string>
        </expression>
        <collectionItems />
        <userXML />
      </objectCollection>
      <input name="CreateAutomaticLabels">
        <expression>
          <expression-string>True</expression-string>
        </expression>
      </input>
      <subObject name="ErrorCaughtInspectionLabel" type="Matrox.DesignAssistant.Core.Projects.BaseLabel, Matrox.DesignAssistant.Core, Version=7.0.214.0, Culture=neutral, PublicKeyToken=726f03a4652993c7" id="68f5ad3b-065a-414f-a18e-581dafb4b6ad" Version="7.0.214.0">
        <expression>
          <expression-string></expression-string>
        </expression>
        <inputs>
          <input name="Background">
            <expression>
              <expression-string>-65536</expression-string>
            </expression>
          </input>
          <input name="Condition">
            <expression>
              <expression-string need-link-container="True">Status.ErrorCaught=True</expression-string>
            </expression>
          </input>
          <input name="DesignTimeVisible">
            <expression>
              <expression-string>True</expression-string>
            </expression>
          </input>
          <input name="Foreground">
            <expression>
              <expression-string>-1</expression-string>
            </expression>
          </input>
          <input name="RuntimeVisible">
            <expression>
              <expression-string>True</expression-string>
            </expression>
          </input>
          <input name="Type">
            <expression>
              <expression-string>StatusCondition</expression-string>
            </expression>
          </input>
          <input name="Value">
            <expression>
              <expression-string>None</expression-string>
            </expression>
          </input>
        </inputs>
        <userXML>
          <AutomaticName>ErrorCaught</AutomaticName>
        </userXML>
      </subObject>
      <subObject name="FailInspectionLabel" type="Matrox.DesignAssistant.Core.Projects.BaseLabel, Matrox.DesignAssistant.Core, Version=7.0.214.0, Culture=neutral, PublicKeyToken=726f03a4652993c7" id="9a02659a-1314-4f21-96b1-8f6f1e71957d" Version="7.0.214.0">
        <expression>
          <expression-string></expression-string>
        </expression>
        <inputs>
          <input name="Background">
            <expression>
              <expression-string>-65536</expression-string>
            </expression>
          </input>
          <input name="Condition">
            <expression>
              <expression-string need-link-container="True">Status.Result=Fail</expression-string>
            </expression>
          </input>
          <input name="DesignTimeVisible">
            <expression>
              <expression-string>True</expression-string>
            </expression>
          </input>
          <input name="Foreground">
            <expression>
              <expression-string>-1</expression-string>
            </expression>
          </input>
          <input name="RuntimeVisible">
            <expression>
              <expression-string>True</expression-string>
            </expression>
          </input>
          <input name="Type">
            <expression>
              <expression-string>StatusCondition</expression-string>
            </expression>
          </input>
          <input name="Value">
            <expression>
              <expression-string>None</expression-string>
            </expression>
          </input>
        </inputs>
        <userXML>
          <AutomaticName>Fail</AutomaticName>
        </userXML>
      </subObject>
      <subObject name="PassInspectionLabel" type="Matrox.DesignAssistant.Core.Projects.BaseLabel, Matrox.DesignAssistant.Core, Version=7.0.214.0, Culture=neutral, PublicKeyToken=726f03a4652993c7" id="5e44a278-7125-474b-8734-920991c77d06" Version="7.0.214.0">
        <expression>
          <expression-string></expression-string>
        </expression>
        <inputs>
          <input name="Background">
            <expression>
              <expression-string>-16744448</expression-string>
            </expression>
          </input>
          <input name="Condition">
            <expression>
              <expression-string need-link-container="True">Status.Result=Pass</expression-string>
            </expression>
          </input>
          <input name="DesignTimeVisible">
            <expression>
              <expression-string>True</expression-string>
            </expression>
          </input>
          <input name="Foreground">
            <expression>
              <expression-string>-1</expression-string>
            </expression>
          </input>
          <input name="RuntimeVisible">
            <expression>
              <expression-string>True</expression-string>
            </expression>
          </input>
          <input name="Type">
            <expression>
              <expression-string>StatusCondition</expression-string>
            </expression>
          </input>
          <input name="Value">
            <expression>
              <expression-string>None</expression-string>
            </expression>
          </input>
        </inputs>
        <userXML>
          <AutomaticName>Pass</AutomaticName>
        </userXML>
      </subObject>
      <input name="ResetPoint">
        <expression>
          <expression-string>NeverReset</expression-string>
        </expression>
      </input>
      <input name="Suspended">
        <expression>
          <expression-string>False</expression-string>
        </expression>
      </input>
    </inputs>
    <userXML />
  </step>
</persistentitem><persistentitem id="c2a700eb-8953-4669-9d7b-9ee7c10084bf" milstreamsdirname="MILStreams\OnAddRecipeButtonClick" milstreamfilenameprefix="CreateRecipe">
  <step name="CreateRecipe" persistentState="Global" type="Matrox.DesignAssistant.Steps.PersistencePackage.CreateRecipe, Matrox.DesignAssistant.Steps.PersistencePackage, Version=7.0.214.0, Culture=neutral, PublicKeyToken=726f03a4652993c7" id="c2a700eb-8953-4669-9d7b-9ee7c10084bf" modificationid="a7be83d2-595d-4120-9b9a-3e02e7cacc51" Version="7.0.214.0">
    <inputs>
      <input name="Comment">
        <expression>
          <expression-string></expression-string>
        </expression>
      </input>
      <input name="GenerateAutoID">
        <expression>
          <expression-string>False</expression-string>
        </expression>
      </input>
      <input name="RecipeID">
        <expression>
          <expression-string>COUNT(RECIPEIDS())</expression-string>
        </expression>
      </input>
      <input name="RecipeName">
        <expression>
          <expression-string>NewRecipe</expression-string>
        </expression>
      </input>
      <input name="ResetPoint">
        <expression>
          <expression-string>InspectionStart</expression-string>
        </expression>
      </input>
      <input name="SwitchToNewRecipe">
        <expression>
          <expression-string>True</expression-string>
        </expression>
      </input>
    </inputs>
    <userXML />
  </step>
</persistentitem></persistence>